Time,Voltage P,Voltage V,Voltage T,P,V,log Calc P,logV,T,logT,P_copy,V_copy,logP_copy,logV_copy,Time,Voltage P,Voltage V,Voltage T,P,V,log Calc P,logV,T,logT,P_copy,V_copy,logP_copy,logV_copy
0,0,0,967,3,400,1,201,96,703,1,0.00970,1,985,-3,706,308,462,2,489,,,,,,,,
0,2,0,968,3,399,1,201,96,825,1,0.00970,1,986,-3,706,308,462,2,489,,,,,,,,
0,4,0,968,3,399,1,201,96,825,1,0.00970,1,986,-3,706,308,462,2,489,,,,,,,,
0,6,0,968,3,399,1,201,96,825,1,0.00970,1,986,-3,706,308,462,2,489,,,,,,,,
0,8,0,967,3,399,1,201,96,703,1,0.00970,1,985,-3,706,308,462,2,489,,,,,,,,
0,10,0,968,3,399,1,201,96,825,1,0.00970,1,986,-3,706,308,462,2,489,,,,,,,,
0,12,0,967,3,398,1,201,96,703,1,0.00970,1,985,-3,706,308,462,2,489,,,,,,,,
0,14,0,968,3,400,1,203,96,825,1,0.00970,1,986,-3,706,308,512,2,489,,,,,,,,
0,16,0,968,3,399,1,203,96,825,1,0.00970,1,986,-3,706,308,512,2,489,,,,,,,,
0,18,0,968,3,400,1,201,96,825,1,0.00970,1,986,-3,706,308,462,2,489,,,,,,,,
0,20,0,968,3,399,1,201,96,825,1,0.00970,1,986,-3,706,308,462,2,489,,,,,,,,
0,22,0,967,3,399,1,203,96,703,1,0.00970,1,985,-3,706,308,512,2,489,,,,,,,,
0,24,0,967,3,400,1,203,96,703,1,0.00970,1,985,-3,706,308,512,2,489,,,,,,,,
0,26,0,968,3,400,1,201,96,825,1,0.00970,1,986,-3,706,308,462,2,489,,,,,,,,
0,28,0,967,3,398,1,201,96,703,1,0.00970,1,985,-3,706,308,462,2,489,,,,,,,,
0,30,0,967,3,399,1,201,96,703,1,0.00970,1,985,-3,706,308,462,2,489,,,,,,,,
0,32,0,967,3,399,1,201,96,703,1,0.00970,1,985,-3,706,308,462,2,489,,,,,,,,
0,34,0,968,3,399,1,201,96,825,1,0.00970,1,986,-3,706,308,462,2,489,,,,,,,,
0,36,0,967,3,398,1,203,96,703,1,0.00970,1,985,-3,706,308,512,2,489,,,,,,,,
0,38,0,967,3,399,1,203,96,703,1,0.00970,1,985,-3,706,308,512,2,489,,,,,,,,
0,40,0,967,3,400,1,203,96,703,1,0.00970,1,985,-3,706,308,512,2,489,,,,,,,,
0,42,0,968,3,400,1,203,96,825,1,0.00970,1,986,-3,706,308,512,2,489,,,,,,,,
0,44,0,968,3,399,1,203,96,825,1,0.00970,1,986,-3,706,308,512,2,489,,,,,,,,
0,46,0,967,3,399,1,203,96,703,1,0.00970,1,985,-3,706,308,512,2,489,,,,,,,,
0,48,0,968,3,400,1,203,96,825,1,0.00970,1,986,-3,706,308,512,2,489,,,,,,,,
0,50,0,968,3,399,1,203,96,825,1,0.00970,1,986,-3,706,308,512,2,489,,,,,,,,
0,52,0,967,3,400,1,201,96,703,1,0.00970,1,985,-3,706,308,462,2,489,,,,,,,,
0,54,0,967,3,399,1,203,96,703,1,0.00970,1,985,-3,706,308,512,2,489,,,,,,,,
0,56,0,967,3,399,1,203,96,703,1,0.00970,1,985,-3,706,308,512,2,489,,,,,,,,
0,58,0,968,3,399,1,203,96,825,1,0.00970,1,986,-3,706,308,512,2,489,,,,,,,,
0,60,0,968,3,399,1,201,96,825,1,0.00970,1,986,-3,706,308,462,2,489,,,,,,,,
0,62,0,967,3,399,1,203,96,703,1,0.00970,1,985,-3,706,308,512,2,489,,,,,,,,
0,64,0,967,3,399,1,203,96,703,1,0.00970,1,985,-3,706,308,512,2,489,,,,,,,,
0,66,0,968,3,400,1,203,96,825,1,0.00970,1,986,-3,706,308,512,2,489,,,,,,,,
0,68,0,968,3,399,1,203,96,825,1,0.00970,1,986,-3,706,308,512,2,489,,,,,,,,
0,70,0,968,3,400,1,203,96,825,1,0.00970,1,986,-3,706,308,512,2,489,,,,,,,,
0,72,0,967,3,400,1,203,96,703,1,0.00970,1,985,-3,706,308,512,2,489,,,,,,,,
0,74,0,967,3,399,1,203,96,703,1,0.00970,1,985,-3,706,308,512,2,489,,,,,,,,
0,76,0,967,3,400,1,203,96,703,1,0.00970,1,985,-3,706,308,512,2,489,,,,,,,,
0,78,0,968,3,400,1,204,96,825,1,0.00970,1,986,-3,706,308,563,2,489,,,,,,,,
0,80,0,967,3,400,1,203,96,703,1,0.00970,1,985,-3,706,308,512,2,489,,,,,,,,
0,82,0,967,3,399,1,203,96,703,1,0.00970,1,985,-3,706,308,512,2,489,,,,,,,,
0,84,0,967,3,399,1,203,96,703,1,0.00970,1,985,-3,706,308,512,2,489,,,,,,,,
0,86,0,967,3,399,1,203,96,703,1,0.00970,1,985,-3,706,308,512,2,489,,,,,,,,
0,88,0,967,3,399,1,203,96,703,1,0.00970,1,985,-3,706,308,512,2,489,,,,,,,,
0,90,0,968,3,399,1,203,96,825,1,0.00970,1,986,-3,706,308,512,2,489,,,,,,,,
0,92,0,968,3,399,1,203,96,825,1,0.00970,1,986,-3,706,308,512,2,489,,,,,,,,
0,94,0,968,3,399,1,203,96,825,1,0.00970,1,986,-3,706,308,512,2,489,,,,,,,,
0,96,0,967,3,400,1,203,96,703,1,0.00970,1,985,-3,706,308,512,2,489,,,,,,,,
0,98,0,967,3,399,1,203,96,703,1,0.00970,1,985,-3,706,308,512,2,489,,,,,,,,
1,0,0,968,3,399,1,203,96,825,1,0.00970,1,986,-3,706,308,512,2,489,,,,,,,,
1,2,0,967,3,400,1,203,96,703,1,0.00970,1,985,-3,706,308,512,2,489,,,,,,,,
1,4,0,967,3,399,1,204,96,703,1,0.00970,1,985,-3,706,308,563,2,489,,,,,,,,
1,6,0,968,3,399,1,203,96,825,1,0.00970,1,986,-3,706,308,512,2,489,,,,,,,,
1,8,0,967,3,399,1,203,96,703,1,0.00970,1,985,-3,706,308,512,2,489,,,,,,,,
1,10,0,967,3,399,1,203,96,703,1,0.00970,1,985,-3,706,308,512,2,489,,,,,,,,
1,12,0,967,3,398,1,203,96,703,1,0.00970,1,985,-3,706,308,512,2,489,,,,,,,,
1,14,0,967,3,399,1,203,96,703,1,0.00970,1,985,-3,706,308,512,2,489,,,,,,,,
1,16,0,967,3,399,1,203,96,703,1,0.00970,1,985,-3,706,308,512,2,489,,,,,,,,
1,18,0,967,3,400,1,204,96,703,1,0.00970,1,985,-3,706,308,563,2,489,,,,,,,,
1,20,0,968,3,400,1,203,96,825,1,0.00970,1,986,-3,706,308,512,2,489,,,,,,,,
1,22,0,968,3,399,1,203,96,825,1,0.00970,1,986,-3,706,308,512,2,489,,,,,,,,
1,24,0,967,3,399,1,204,96,703,1,0.00970,1,985,-3,706,308,563,2,489,,,,,,,,
1,26,0,967,3,399,1,204,96,703,1,0.00970,1,985,-3,706,308,563,2,489,,,,,,,,
1,28,0,968,3,400,1,203,96,825,1,0.00970,1,986,-3,706,308,512,2,489,,,,,,,,
1,30,0,967,3,399,1,203,96,703,1,0.00970,1,985,-3,706,308,512,2,489,,,,,,,,
1,32,0,967,3,399,1,204,96,703,1,0.00970,1,985,-3,706,308,563,2,489,,,,,,,,
1,34,0,967,3,399,1,203,96,703,1,0.00970,1,985,-3,706,308,512,2,489,,,,,,,,
1,36,0,968,3,398,1,203,96,825,1,0.00970,1,986,-3,706,308,512,2,489,,,,,,,,
1,38,0,967,3,399,1,204,96,703,1,0.00970,1,985,-3,706,308,563,2,489,,,,,,,,
1,40,0,967,3,399,1,204,96,703,1,0.00970,1,985,-3,706,308,563,2,489,,,,,,,,
1,42,0,967,3,399,1,204,96,703,1,0.00970,1,985,-3,706,308,563,2,489,,,,,,,,
1,44,0,967,3,400,1,204,96,703,1,0.00970,1,985,-3,706,308,563,2,489,,,,,,,,
1,46,0,967,3,399,1,204,96,703,1,0.00970,1,985,-3,706,308,563,2,489,,,,,,,,
1,48,0,968,3,400,1,204,96,825,1,0.00970,1,986,-3,706,308,563,2,489,,,,,,,,
1,50,0,967,3,400,1,204,96,703,1,0.00970,1,985,-3,706,308,563,2,489,,,,,,,,
1,52,0,968,3,400,1,203,96,825,1,0.00970,1,986,-3,706,308,512,2,489,,,,,,,,
1,54,0,968,3,400,1,204,96,825,1,0.00970,1,986,-3,706,308,563,2,489,,,,,,,,
1,56,0,967,3,400,1,204,96,703,1,0.00970,1,985,-3,706,308,563,2,489,,,,,,,,
1,58,0,967,3,399,1,204,96,703,1,0.00970,1,985,-3,706,308,563,2,489,,,,,,,,
1,60,0,967,3,398,1,203,96,703,1,0.00970,1,985,-3,706,308,512,2,489,,,,,,,,
1,62,0,967,3,399,1,203,96,703,1,0.00970,1,985,-3,706,308,512,2,489,,,,,,,,
1,64,0,967,3,399,1,203,96,703,1,0.00970,1,985,-3,706,308,512,2,489,,,,,,,,
1,66,0,967,3,399,1,204,96,703,1,0.00970,1,985,-3,706,308,563,2,489,,,,,,,,
1,68,0,967,3,399,1,203,96,703,1,0.00970,1,985,-3,706,308,512,2,489,,,,,,,,
1,70,0,967,3,400,1,204,96,703,1,0.00970,1,985,-3,706,308,563,2,489,,,,,,,,
1,72,0,968,3,400,1,204,96,825,1,0.00970,1,986,-3,706,308,563,2,489,,,,,,,,
1,74,0,968,3,399,1,204,96,825,1,0.00970,1,986,-3,706,308,563,2,489,,,,,,,,
1,76,0,968,3,399,1,204,96,825,1,0.00970,1,986,-3,706,308,563,2,489,,,,,,,,
1,78,0,968,3,399,1,204,96,825,1,0.00970,1,986,-3,706,308,563,2,489,,,,,,,,
1,80,0,967,3,400,1,204,96,703,1,0.00970,1,985,-3,706,308,563,2,489,,,,,,,,
1,82,0,967,3,400,1,204,96,703,1,0.00970,1,985,-3,706,308,563,2,489,,,,,,,,
1,84,0,967,3,399,1,203,96,703,1,0.00970,1,985,-3,706,308,512,2,489,,,,,,,,
1,86,0,967,3,399,1,203,96,703,1,0.00970,1,985,-3,706,308,512,2,489,,,,,,,,
1,88,0,967,3,399,1,204,96,703,1,0.00970,1,985,-3,706,308,563,2,489,,,,,,,,
1,90,0,967,3,399,1,204,96,703,1,0.00970,1,985,-3,706,308,563,2,489,,,,,,,,
1,92,0,967,3,399,1,203,96,703,1,0.00970,1,985,-3,706,308,512,2,489,,,,,,,,
1,94,0,967,3,399,1,203,96,703,1,0.00970,1,985,-3,706,308,512,2,489,,,,,,,,
1,96,0,967,3,399,1,204,96,703,1,0.00970,1,985,-3,706,308,563,2,489,,,,,,,,
1,98,0,967,3,400,1,204,96,703,1,0.00970,1,985,-3,706,308,563,2,489,,,,,,,,
2,0,0,968,3,400,1,204,96,825,1,0.00970,1,986,-3,706,308,563,2,489,,,,,,,,
2,2,0,967,3,399,1,204,96,703,1,0.00970,1,985,-3,706,308,563,2,489,,,,,,,,
2,4,0,967,3,399,1,204,96,703,1,0.00970,1,985,-3,706,308,563,2,489,,,,,,,,
2,6,0,967,3,400,1,204,96,703,1,0.00970,1,985,-3,706,308,563,2,489,,,,,,,,
2,8,0,967,3,399,1,204,96,703,1,0.00970,1,985,-3,706,308,563,2,489,,,,,,,,
2,10,0,967,3,399,1,204,96,703,1,0.00970,1,985,-3,706,308,563,2,489,,,,,,,,
2,12,0,968,3,399,1,204,96,825,1,0.00970,1,986,-3,706,308,563,2,489,96,703296703,0,196478,1,985,-3,707
2,14,0,967,3,399,1,204,96,703,1,0.00970,1,985,-3,706,308,563,2,489,96,703296703,0,196438,1,985,-3,707
2,16,0,968,3,399,1,204,96,825,1,0.00970,1,986,-3,706,308,563,2,489,96,703296703,0,196438,1,985,-3,707
2,18,0,967,3,399,1,203,96,703,1,0.00970,1,985,-3,706,308,512,2,489,96,703296703,0,196438,1,985,-3,707
2,20,0,967,3,399,1,204,96,703,1,0.00970,1,985,-3,706,308,563,2,489,96,703296703,0,196399,1,985,-3,707
2,22,0,967,3,399,1,204,96,703,1,0.00970,1,985,-3,706,308,563,2,489,96,703296703,0,196399,1,985,-3,707
2,24,0,967,3,399,1,204,96,703,1,0.00970,1,985,-3,706,308,563,2,489,96,703296703,0,196438,1,985,-3,707
2,26,0,967,3,399,1,203,96,703,1,0.00970,1,985,-3,706,308,512,2,489,96,703296703,0,196478,1,985,-3,707
2,28,0,967,3,400,1,204,96,703,1,0.00970,1,985,-3,706,308,563,2,489,96,703296703,0,196438,1,985,-3,707
2,30,0,967,3,400,1,204,96,703,1,0.00970,1,985,-3,706,308,563,2,489,96,703296703,0,196438,1,985,-3,707
2,32,0,967,3,400,1,204,96,703,1,0.00970,1,985,-3,706,308,563,2,489,96,825396825,0,196438,1,986,-3,707
2,34,0,968,3,399,1,204,96,825,1,0.00970,1,986,-3,706,308,563,2,489,96,703296703,0,196438,1,985,-3,707
2,36,0,968,3,399,1,204,96,825,1,0.00970,1,986,-3,706,308,563,2,489,96,703296703,0,196478,1,985,-3,707
2,38,0,967,3,399,1,204,96,703,1,0.00970,1,985,-3,706,308,563,2,489,96,825396825,0,196438,1,986,-3,707
2,40,0,967,3,399,1,204,96,703,1,0.00970,1,985,-3,706,308,563,2,489,96,703296703,0,196399,1,985,-3,707
2,42,0,967,3,399,1,204,96,703,1,0.00970,1,985,-3,706,308,563,2,489,96,703296703,0,196438,1,985,-3,707
2,44,0,967,3,399,1,204,96,703,1,0.00970,1,985,-3,706,308,563,2,489,96,703296703,0,196399,1,985,-3,707
2,46,0,967,3,400,1,204,96,703,1,0.00970,1,985,-3,706,308,563,2,489,96,703296703,0,196399,1,985,-3,707
2,48,0,968,3,400,1,204,96,825,1,0.00970,1,986,-3,706,308,563,2,489,96,703296703,0,196438,1,985,-3,707
2,50,0,967,3,399,1,204,96,703,1,0.00970,1,985,-3,706,308,563,2,489,96,703296703,0,196438,1,985,-3,707
2,52,0,968,3,399,1,204,96,825,1,0.00970,1,986,-3,706,308,563,2,489,96,825396825,0,196478,1,986,-3,707
2,54,0,967,3,400,1,204,96,703,1,0.00970,1,985,-3,706,308,563,2,489,96,703296703,0,196478,1,985,-3,707
2,56,0,967,3,400,1,204,96,703,1,0.00970,1,985,-3,706,308,563,2,489,96,703296703,0,196438,1,985,-3,707
2,58,0,968,3,399,1,203,96,825,1,0.00970,1,986,-3,706,308,512,2,489,96,825396825,0,196438,1,986,-3,707
2,60,0,968,3,400,1,204,96,825,1,0.00970,1,986,-3,706,308,563,2,489,96,703296703,0,196438,1,985,-3,707
2,62,0,967,3,400,1,204,96,703,1,0.00970,1,985,-3,706,308,563,2,489,96,703296703,0,196438,1,985,-3,707
2,64,0,967,3,399,1,204,96,703,1,0.00970,1,985,-3,706,308,563,2,489,96,703296703,0,196478,1,985,-3,707
2,66,0,967,3,399,1,204,96,703,1,0.00970,1,985,-3,706,308,563,2,489,96,703296703,0,196438,1,985,-3,707
2,68,0,967,3,399,1,204,96,703,1,0.00970,1,985,-3,706,308,563,2,489,96,703296703,0,196399,1,985,-3,707
2,70,0,967,3,399,1,204,96,703,1,0.00970,1,985,-3,706,308,563,2,489,96,703296703,0,196399,1,985,-3,707
2,72,0,967,3,399,1,204,96,703,1,0.00970,1,985,-3,706,308,563,2,489,96,703296703,0,196438,1,985,-3,707
2,74,0,967,3,399,1,204,96,703,1,0.00970,1,985,-3,706,308,563,2,489,96,703296703,0,196399,1,985,-3,707
2,76,0,967,3,399,1,204,96,703,1,0.00970,1,985,-3,706,308,563,2,489,96,703296703,0,196438,1,985,-3,707
2,78,0,967,3,400,1,205,96,703,1,0.00970,1,985,-3,706,308,613,2,489,96,703296703,0,196478,1,985,-3,707
2,80,0,967,3,400,1,204,96,703,1,0.00970,1,985,-3,706,308,563,2,489,96,703296703,0,196438,1,985,-3,707
2,82,0,968,3,400,1,204,96,825,1,0.00970,1,986,-3,706,308,563,2,489,96,703296703,0,196478,1,985,-3,707
2,84,0,968,3,399,1,204,96,825,1,0.00970,1,986,-3,706,308,563,2,489,96,703296703,0,196438,1,985,-3,707
2,86,0,967,3,400,1,204,96,703,1,0.00970,1,985,-3,706,308,563,2,489,96,703296703,0,196438,1,985,-3,707
2,88,0,967,3,399,1,204,96,703,1,0.00970,1,985,-3,706,308,563,2,489,96,703296703,0,196438,1,985,-3,707
2,90,0,968,3,396,1,204,96,825,1,0.00970,1,986,-3,707,308,563,2,489,96,703296703,0,196478,1,985,-3,707
2,92,0,976,3,365,1,210,97,558,1,0.00960,1,989,-3,709,308,814,2,490,96,825396825,0,196399,1,986,-3,707
2,94,0,998,3,263,1,230,99,756,1,0.00920,1,999,-3,716,309,617,2,491,96,703296703,0,196438,1,985,-3,707
2,96,1,43,3,71,1,278,104,274,1,0.00860,2,18,-3,730,311,625,2,494,96,703296703,0,196399,1,985,-3,707
2,98,1,121,2,780,1,368,112,88,1,0.00770,2,50,-3,753,315,289,2,499,96,703296703,0,196399,1,985,-3,707
3,0,1,237,2,402,1,509,123,687,1,0.00640,2,92,-3,784,321,111,2,507,96,703296703,0,196478,1,985,-3,707
3,2,1,397,1,967,1,709,139,683,1,0.00500,2,145,-3,823,329,344,2,518,96,703296703,0,196399,1,985,-3,707
3,4,1,601,1,530,1,966,160,73,1,0.00360,2,204,-3,866,339,885,2,531,96,703296703,0,196478,1,985,-3,707
3,6,1,608,1,520,2,151,160,806,1,0.00360,2,206,-3,867,347,514,2,541,96,703296703,0,196478,1,985,-3,707
3,8,1,601,1,520,2,223,160,73,1,0.00360,2,204,-3,867,350,476,2,545,96,703296703,0,196438,1,985,-3,707
3,10,1,595,1,520,2,255,159,463,1,0.00360,2,203,-3,867,351,781,2,546,96,703296703,0,196478,1,985,-3,707
3,12,1,590,1,520,2,266,158,974,1,0.00360,2,201,-3,867,352,233,2,547,96,703296703,0,196438,1,985,-3,707
3,14,1,585,1,520,2,269,158,486,1,0.00360,2,200,-3,867,352,333,2,547,96,825396825,0,196438,1,986,-3,707
3,16,1,581,1,520,2,266,158,120,1,0.00360,2,199,-3,867,352,233,2,547,96,703296703,0,196438,1,985,-3,707
3,18,1,576,1,520,2,261,157,631,1,0.00360,2,198,-3,867,352,32,2,547,96,703296703,0,196399,1,985,-3,707
3,20,1,574,1,520,2,255,157,387,1,0.00360,2,197,-3,867,351,781,2,546,96,703296703,0,196438,1,985,-3,707
3,22,1,570,1,520,2,247,157,21,1,0.00360,2,196,-3,867,351,429,2,546,96,703296703,0,196438,1,985,-3,707
3,24,1,567,1,520,2,241,156,654,1,0.00360,2,195,-3,867,351,178,2,546,96,703296703,0,196438,1,985,-3,707
3,26,1,564,1,520,2,234,156,410,1,0.00360,2,194,-3,867,350,928,2,545,96,703296703,0,196399,1,985,-3,707
3,28,1,560,1,521,2,226,156,44,1,0.00360,2,193,-3,867,350,576,2,545,96,703296703,0,196399,1,985,-3,707
3,30,1,558,1,520,2,219,155,800,1,0.00360,2,193,-3,867,350,275,2,544,96,703296703,0,196438,1,985,-3,707
3,32,1,556,1,520,2,211,155,556,1,0.00360,2,192,-3,867,349,974,2,544,96,703296703,0,196438,1,985,-3,707
3,34,1,553,1,520,2,205,155,311,1,0.00360,2,191,-3,867,349,723,2,544,96,825396825,0,196438,1,986,-3,707
3,36,1,551,1,520,2,198,155,67,1,0.00360,2,191,-3,867,349,422,2,543,96,703296703,0,196478,1,985,-3,707
3,38,1,548,1,520,2,192,154,823,1,0.00360,2,190,-3,867,349,171,2,543,96,703296703,0,196438,1,985,-3,707
3,40,1,546,1,520,2,183,154,579,1,0.00360,2,189,-3,867,348,819,2,543,96,825396825,0,196438,1,986,-3,707
3,42,1,543,1,520,2,177,154,335,1,0.00360,2,188,-3,867,348,568,2,542,96,825396825,0,196478,1,986,-3,707
3,44,1,541,1,520,2,171,154,90,1,0.00360,2,188,-3,867,348,317,2,542,96,703296703,0,196399,1,985,-3,707
3,46,1,540,1,520,2,164,153,968,1,0.00360,2,187,-3,867,348,16,2,542,96,703296703,0,196399,1,985,-3,707
3,48,1,537,1,520,2,156,153,724,1,0.00360,2,187,-3,867,347,715,2,541,96,703296703,0,196438,1,985,-3,707
3,50,1,535,1,520,2,149,153,480,1,0.00360,2,186,-3,867,347,414,2,541,96,703296703,0,196438,1,985,-3,707
3,52,1,534,1,521,2,142,153,358,1,0.00360,2,186,-3,867,347,113,2,540,96,825396825,0,196399,1,986,-3,707
3,54,1,531,1,521,2,133,153,114,1,0.00360,2,185,-3,867,346,761,2,540,96,703296703,0,196399,1,985,-3,707
3,56,1,529,1,520,2,123,152,869,1,0.00360,2,184,-3,867,346,360,2,540,96,825396825,0,196438,1,986,-3,707
3,58,1,527,1,520,2,114,152,747,1,0.00360,2,184,-3,867,345,958,2,539,96,825396825,0,196438,1,986,-3,707
3,60,1,526,1,521,2,103,152,625,1,0.00360,2,184,-3,867,345,506,2,538,96,703296703,0,196438,1,985,-3,707
3,62,1,524,1,521,2,90,152,381,1,0.00360,2,183,-3,867,345,4,2,538,96,703296703,0,196399,1,985,-3,707
3,64,1,521,1,520,2,77,152,137,1,0.00360,2,182,-3,867,344,452,2,537,96,703296703,0,196438,1,985,-3,707
3,66,1,520,1,520,2,60,152,15,1,0.00360,2,182,-3,867,343,750,2,536,96,825396825,0,196438,1,986,-3,707
3,68,1,518,1,520,2,44,151,770,1,0.00360,2,181,-3,867,343,97,2,535,96,703296703,0,196438,1,985,-3,707
3,70,1,516,1,520,2,24,151,648,1,0.00360,2,181,-3,867,342,294,2,534,96,703296703,0,196399,1,985,-3,707
3,72,1,515,1,520,2,2,151,526,1,0.00360,2,180,-3,867,341,390,2,533,96,703296703,0,196399,1,985,-3,707
3,74,1,513,1,521,1,979,151,282,1,0.00360,2,180,-3,867,340,437,2,532,96,703296703,0,196399,1,985,-3,707
3,76,1,512,1,520,1,955,151,160,1,0.00360,2,179,-3,867,339,433,2,531,96,703296703,0,196399,1,985,-3,707
3,78,1,510,1,520,1,928,151,38,1,0.00360,2,179,-3,867,338,328,2,529,96,703296703,0,196438,1,985,-3,707
3,80,1,509,1,520,1,900,150,916,1,0.00360,2,179,-3,867,337,174,2,528,96,703296703,0,196438,1,985,-3,707
3,82,1,507,1,521,1,871,150,672,1,0.00360,2,178,-3,867,335,969,2,526,96,703296703,0,196438,1,985,-3,707
3,84,1,505,1,521,1,841,150,549,1,0.00360,2,178,-3,867,334,765,2,525,96,703296703,0,196438,1,985,-3,707
3,86,1,503,1,520,1,810,150,305,1,0.00360,2,177,-3,867,333,460,2,523,96,703296703,0,196438,1,985,-3,707
3,88,1,502,1,520,1,780,150,183,1,0.00360,2,177,-3,867,332,255,2,521,96,703296703,0,196438,1,985,-3,707
3,90,1,501,1,520,1,751,150,61,1,0.00360,2,176,-3,867,331,50,2,520,96,825396825,0,196438,1,986,-3,707
3,92,1,499,1,520,1,720,149,939,1,0.00360,2,176,-3,867,329,795,2,518,96,703296703,0,196478,1,985,-3,707
3,94,1,497,1,520,1,692,149,695,1,0.00360,2,175,-3,867,328,641,2,517,96,703296703,0,196438,1,985,-3,707
3,96,1,496,1,520,1,665,149,573,1,0.00360,2,175,-3,867,327,536,2,515,96,703296703,0,196438,1,985,-3,707
3,98,1,495,1,520,1,640,149,451,1,0.00360,2,174,-3,867,326,482,2,514,96,703296703,0,196399,1,985,-3,707
4,0,1,492,1,520,1,617,149,206,1,0.00360,2,174,-3,867,325,529,2,513,96,703296703,0,196399,1,985,-3,707
4,2,1,492,1,520,1,593,149,206,1,0.00360,2,174,-3,867,324,575,2,511,96,703296703,0,196399,1,985,-3,707
4,4,1,491,1,520,1,574,149,84,1,0.00360,2,173,-3,867,323,772,2,510,96,703296703,0,196399,1,985,-3,707
4,6,1,488,1,520,1,556,148,840,1,0.00360,2,173,-3,867,323,19,2,509,96,703296703,0,196399,1,985,-3,707
4,8,1,487,1,521,1,538,148,718,1,0.00360,2,172,-3,867,322,316,2,508,96,825396825,0,196438,1,986,-3,707
4,10,1,486,1,520,1,524,148,596,1,0.00360,2,172,-3,867,321,714,2,507,96,703296703,0,196399,1,985,-3,707
4,12,1,485,1,520,1,509,148,474,1,0.00360,2,172,-3,867,321,111,2,507,96,825396825,0,196399,1,986,-3,707
4,14,1,484,1,520,1,497,148,352,1,0.00360,2,171,-3,867,320,610,2,506,96,825396825,0,196399,1,986,-3,707
4,16,1,482,1,520,1,486,148,230,1,0.00360,2,171,-3,867,320,158,2,505,96,947496947,0,196122,1,987,-3,707
4,18,1,480,1,520,1,475,147,985,1,0.00360,2,170,-3,867,319,706,2,505,98,46398046,0,1945,1,991,-3,711
4,20,1,479,1,520,1,465,147,863,1,0.00360,2,170,-3,867,319,304,2,504,100,488400488,0,19094,2,2,-3,719
4,22,1,477,1,520,1,457,147,741,1,0.00360,2,170,-3,867,318,953,2,504,104,395604396,0,185757,2,19,-3,731
4,24,1,476,1,520,1,449,147,619,1,0.00360,2,169,-3,867,318,652,2,503,108,913308913,0,180179,2,37,-3,744
4,26,1,475,1,520,1,441,147,497,1,0.00360,2,169,-3,867,318,301,2,503,113,431013431,0,174957,2,55,-3,757
4,28,1,474,1,520,1,435,147,375,1,0.00360,2,168,-3,867,318,50,2,502,117,704517705,0,17021,2,71,-3,769
4,30,1,473,1,520,1,429,147,253,1,0.00360,2,168,-3,867,317,799,2,502,121,48962149,0,166293,2,85,-3,779
4,32,1,473,1,520,1,422,147,253,1,0.00360,2,168,-3,867,317,548,2,502,124,42002442,0,163208,2,95,-3,787
4,34,1,470,1,520,1,416,147,9,1,0.00360,2,167,-3,867,317,297,2,501,126,984126984,0,160676,2,104,-3,794
4,36,1,470,1,520,1,411,147,9,1,0.00360,2,167,-3,867,317,96,2,501,129,548229548,0,158223,2,112,-3,801
4,38,1,469,1,520,1,407,146,886,1,0.00360,2,167,-3,867,316,895,2,501,132,600732601,0,155375,2,123,-3,809
4,40,1,468,1,520,1,403,146,764,1,0.00360,2,167,-3,867,316,744,2,501,136,63003663,0,151814,2,136,-3,819
4,42,1,466,1,520,1,398,146,642,1,0.00360,2,166,-3,867,316,544,2,500,141,758241758,0,14766,2,152,-3,831
4,44,1,465,1,520,1,393,146,520,1,0.00360,2,166,-3,867,316,343,2,500,147,252747253,0,143507,2,168,-3,843
4,46,1,464,1,520,1,389,146,398,1,0.00360,2,166,-3,867,316,192,2,500,152,136752137,0,139946,2,182,-3,854
4,48,1,463,1,520,1,386,146,276,1,0.00360,2,165,-3,867,316,42,2,500,156,532356532,0,13686,2,195,-3,864
4,50,1,463,1,520,1,383,146,276,1,0.00360,2,165,-3,867,315,941,2,500,158,11965812,0,135792,2,199,-3,867
4,52,1,462,1,520,1,380,146,154,1,0.00360,2,165,-3,867,315,791,2,499,,,,,,,,
4,54,1,460,1,520,1,377,146,32,1,0.00360,2,164,-3,867,315,690,2,499,,,,,,,,
4,56,1,460,1,520,1,374,146,32,1,0.00360,2,164,-3,867,315,540,2,499,,,,,,,,
4,58,1,459,1,520,1,371,145,910,1,0.00360,2,164,-3,867,315,439,2,499,,,,,,,,
4,60,1,458,1,520,1,369,145,788,1,0.00360,2,164,-3,867,315,339,2,499,,,,,,,,
4,62,1,458,1,520,1,366,145,788,1,0.00360,2,164,-3,867,315,239,2,499,,,,,,,,
4,64,1,457,1,520,1,363,145,665,1,0.00360,2,163,-3,867,315,88,2,498,,,,,,,,
4,66,1,457,1,520,1,360,145,665,1,0.00360,2,163,-3,867,314,988,2,498,,,,,,,,
4,68,1,455,1,520,1,358,145,543,1,0.00360,2,163,-3,867,314,887,2,498,,,,,,,,
4,70,1,454,1,520,1,355,145,421,1,0.00360,2,163,-3,867,314,787,2,498,,,,,,,,
4,72,1,453,1,520,1,354,145,299,1,0.00360,2,162,-3,867,314,737,2,498,,,,,,,,
4,74,1,453,1,520,1,350,145,299,1,0.00360,2,162,-3,867,314,586,2,498,,,,,,,,
4,76,1,452,1,520,1,349,145,177,1,0.00360,2,162,-3,867,314,536,2,498,,,,,,,,
4,78,1,452,1,520,1,348,145,177,1,0.00360,2,162,-3,867,314,486,2,498,,,,,,,,
4,80,1,451,1,520,1,346,145,55,1,0.00360,2,162,-3,867,314,385,2,497,,,,,,,,
4,82,1,451,1,520,1,344,145,55,1,0.00360,2,162,-3,867,314,335,2,497,,,,,,,,
4,84,1,451,1,520,1,342,145,55,1,0.00360,2,162,-3,867,314,235,2,497,,,,,,,,
4,86,1,449,1,520,1,341,144,933,1,0.00360,2,161,-3,867,314,185,2,497,,,,,,,,
4,88,1,448,1,521,1,338,144,811,1,0.00360,2,161,-3,867,314,84,2,497,,,,,,,,
4,90,1,448,1,520,1,337,144,811,1,0.00360,2,161,-3,867,314,34,2,497,,,,,,,,
4,92,1,448,1,520,1,336,144,811,1,0.00360,2,161,-3,867,313,984,2,497,,,,,,,,
4,94,1,447,1,521,1,335,144,689,1,0.00360,2,160,-3,867,313,934,2,497,,,,,,,,
4,96,1,446,1,520,1,332,144,567,1,0.00360,2,160,-3,867,313,833,2,497,,,,,,,,
4,98,1,447,1,520,1,331,144,689,1,0.00360,2,160,-3,867,313,783,2,497,,,,,,,,
5,0,1,446,1,519,1,328,144,567,1,0.00360,2,160,-3,867,313,683,2,496,,,,,,,,
5,2,1,446,1,520,1,328,144,567,1,0.00360,2,160,-3,867,313,683,2,496,,,,,,,,
5,4,1,444,1,520,1,326,144,444,1,0.00360,2,160,-3,867,313,582,2,496,,,,,,,,
5,6,1,444,1,520,1,325,144,444,1,0.00360,2,160,-3,867,313,532,2,496,,,,,,,,
5,8,1,444,1,520,1,325,144,444,1,0.00360,2,160,-3,867,313,532,2,496,,,,,,,,
5,10,1,443,1,520,1,324,144,322,1,0.00360,2,159,-3,867,313,482,2,496,,,,,,,,
5,12,1,443,1,520,1,322,144,322,1,0.00360,2,159,-3,867,313,432,2,496,,,,,,,,
5,14,1,443,1,520,1,321,144,322,1,0.00360,2,159,-3,867,313,381,2,496,,,,,,,,
5,16,1,442,1,520,1,319,144,200,1,0.00360,2,159,-3,867,313,281,2,496,,,,,,,,
5,18,1,442,1,520,1,319,144,200,1,0.00360,2,159,-3,867,313,281,2,496,,,,,,,,
5,20,1,441,1,520,1,317,144,78,1,0.00360,2,159,-3,867,313,231,2,496,,,,,,,,
5,22,1,441,1,520,1,316,144,78,1,0.00360,2,159,-3,867,313,181,2,496,,,,,,,,
5,24,1,441,1,519,1,314,144,78,1,0.00360,2,159,-3,867,313,80,2,496,,,,,,,,
5,26,1,440,1,520,1,314,143,956,1,0.00360,2,158,-3,867,313,80,2,496,,,,,,,,
5,28,1,441,1,520,1,313,144,78,1,0.00360,2,159,-3,867,313,30,2,496,,,,,,,,
5,30,1,440,1,520,1,311,143,956,1,0.00360,2,158,-3,867,312,980,2,496,,,,,,,,
5,32,1,438,1,519,1,309,143,834,1,0.00360,2,158,-3,867,312,879,2,495,,,,,,,,
5,34,1,438,1,520,1,309,143,834,1,0.00360,2,158,-3,867,312,879,2,495,,,,,,,,
5,36,1,438,1,520,1,309,143,834,1,0.00360,2,158,-3,867,312,879,2,495,,,,,,,,
5,38,1,438,1,520,1,306,143,834,1,0.00360,2,158,-3,867,312,779,2,495,,,,,,,,
5,40,1,438,1,520,1,305,143,834,1,0.00360,2,158,-3,867,312,729,2,495,,,,,,,,
5,42,1,437,1,520,1,305,143,712,1,0.00360,2,157,-3,867,312,729,2,495,,,,,,,,
5,44,1,437,1,520,1,304,143,712,1,0.00360,2,157,-3,867,312,679,2,495,,,,,,,,
5,46,1,437,1,520,1,303,143,712,1,0.00360,2,157,-3,867,312,628,2,495,,,,,,,,
5,48,1,436,1,520,1,302,143,590,1,0.00360,2,157,-3,867,312,578,2,495,,,,,,,,
5,50,1,436,1,520,1,302,143,590,1,0.00360,2,157,-3,867,312,578,2,495,,,,,,,,
5,52,1,436,1,520,1,299,143,590,1,0.00360,2,157,-3,867,312,478,2,495,,,,,,,,
5,54,1,436,1,520,1,298,143,590,1,0.00360,2,157,-3,867,312,428,2,495,,,,,,,,
5,56,1,436,1,520,1,298,143,590,1,0.00360,2,157,-3,867,312,428,2,495,,,,,,,,
5,58,1,435,1,520,1,297,143,468,1,0.00360,2,157,-3,867,312,377,2,495,,,,,,,,
5,60,1,436,1,520,1,295,143,590,1,0.00360,2,157,-3,867,312,327,2,495,,,,,,,,
5,62,1,435,1,520,1,294,143,468,1,0.00360,2,157,-3,867,312,277,2,495,,,,,,,,
5,64,1,435,1,520,1,294,143,468,1,0.00360,2,157,-3,867,312,277,2,495,,,,,,,,
5,66,1,435,1,521,1,293,143,468,1,0.00360,2,157,-3,867,312,227,2,494,,,,,,,,
5,68,1,435,1,521,1,292,143,468,1,0.00360,2,157,-3,867,312,177,2,494,,,,,,,,
5,70,1,435,1,521,1,291,143,468,1,0.00360,2,157,-3,867,312,126,2,494,,,,,,,,
5,72,1,433,1,520,1,291,143,346,1,0.00360,2,156,-3,867,312,126,2,494,,,,,,,,
5,74,1,432,1,520,1,289,143,223,1,0.00360,2,156,-3,867,312,76,2,494,,,,,,,,
5,76,1,433,1,520,1,288,143,346,1,0.00360,2,156,-3,867,312,26,2,494,,,,,,,,
5,78,1,433,1,520,1,287,143,346,1,0.00360,2,156,-3,867,311,976,2,494,,,,,,,,
5,80,1,433,1,520,1,287,143,346,1,0.00360,2,156,-3,867,311,976,2,494,,,,,,,,
5,82,1,432,1,520,1,286,143,223,1,0.00360,2,156,-3,867,311,926,2,494,,,,,,,,
5,84,1,432,1,520,1,284,143,223,1,0.00360,2,156,-3,867,311,876,2,494,,,,,,,,
5,86,1,432,1,520,1,284,143,223,1,0.00360,2,156,-3,867,311,876,2,494,,,,,,,,
5,88,1,432,1,520,1,283,143,223,1,0.00360,2,156,-3,867,311,825,2,494,,,,,,,,
5,90,1,432,1,521,1,282,143,223,1,0.00360,2,156,-3,867,311,775,2,494,,,,,,,,
5,92,1,432,1,520,1,281,143,223,1,0.00360,2,156,-3,867,311,725,2,494,,,,,,,,
5,94,1,431,1,520,1,281,143,101,1,0.00360,2,156,-3,867,311,725,2,494,,,,,,,,
5,96,1,431,1,520,1,280,143,101,1,0.00360,2,156,-3,867,311,675,2,494,,,,,,,,
5,98,1,431,1,520,1,280,143,101,1,0.00360,2,156,-3,867,311,675,2,494,,,,,,,,
6,0,1,431,1,520,1,277,143,101,1,0.00360,2,156,-3,867,311,574,2,494,,,,,,,,
6,2,1,430,1,520,1,277,142,979,1,0.00360,2,155,-3,867,311,574,2,494,,,,,,,,
6,4,1,430,1,520,1,276,142,979,1,0.00360,2,155,-3,867,311,524,2,493,,,,,,,,
6,6,1,430,1,520,1,276,142,979,1,0.00360,2,155,-3,867,311,524,2,493,,,,,,,,
6,8,1,430,1,520,1,275,142,979,1,0.00360,2,155,-3,867,311,474,2,493,,,,,,,,
6,10,1,430,1,520,1,275,142,979,1,0.00360,2,155,-3,867,311,474,2,493,,,,,,,,
6,12,1,430,1,520,1,275,142,979,1,0.00360,2,155,-3,867,311,474,2,493,,,,,,,,
6,14,1,430,1,520,1,272,142,979,1,0.00360,2,155,-3,867,311,374,2,493,,,,,,,,
6,16,1,430,1,520,1,272,142,979,1,0.00360,2,155,-3,867,311,374,2,493,,,,,,,,
6,18,1,429,1,520,1,272,142,857,1,0.00360,2,155,-3,867,311,374,2,493,,,,,,,,
6,20,1,430,1,520,1,271,142,979,1,0.00360,2,155,-3,867,311,323,2,493,,,,,,,,
6,22,1,429,1,520,1,270,142,857,1,0.00360,2,155,-3,867,311,273,2,493,,,,,,,,
6,24,1,429,1,520,1,270,142,857,1,0.00360,2,155,-3,867,311,273,2,493,,,,,,,,
6,26,1,429,1,521,1,269,142,857,1,0.00360,2,155,-3,867,311,223,2,493,,,,,,,,
6,28,1,429,1,520,1,267,142,857,1,0.00360,2,155,-3,867,311,173,2,493,,,,,,,,
6,30,1,429,1,520,1,267,142,857,1,0.00360,2,155,-3,867,311,173,2,493,,,,,,,,
6,32,1,427,1,520,1,267,142,735,1,0.00360,2,155,-3,867,311,173,2,493,,,,,,,,
6,34,1,427,1,520,1,266,142,735,1,0.00360,2,155,-3,867,311,123,2,493,,,,,,,,
6,36,1,427,1,520,1,265,142,735,1,0.00360,2,155,-3,867,311,72,2,493,,,,,,,,
6,38,1,427,1,520,1,265,142,735,1,0.00360,2,155,-3,867,311,72,2,493,,,,,,,,
6,40,1,427,1,521,1,265,142,735,1,0.00360,2,155,-3,867,311,72,2,493,,,,,,,,
6,42,1,427,1,520,1,264,142,735,1,0.00360,2,155,-3,867,311,22,2,493,,,,,,,,
6,44,1,427,1,520,1,263,142,735,1,0.00360,2,155,-3,867,310,972,2,493,,,,,,,,
6,46,1,427,1,520,1,264,142,735,1,0.00360,2,155,-3,867,311,22,2,493,,,,,,,,
6,48,1,427,1,520,1,263,142,735,1,0.00360,2,155,-3,867,310,972,2,493,,,,,,,,
6,50,1,427,1,521,1,263,142,735,1,0.00360,2,155,-3,867,310,972,2,493,,,,,,,,
6,52,1,426,1,520,1,261,142,613,1,0.00360,2,154,-3,867,310,922,2,493,,,,,,,,
6,54,1,426,1,520,1,261,142,613,1,0.00360,2,154,-3,867,310,922,2,493,,,,,,,,
6,56,1,426,1,520,1,260,142,613,1,0.00360,2,154,-3,867,310,872,2,493,,,,,,,,
6,58,1,426,1,520,1,259,142,613,1,0.00360,2,154,-3,867,310,821,2,493,,,,,,,,
6,60,1,426,1,520,1,260,142,613,1,0.00360,2,154,-3,867,310,872,2,493,,,,,,,,
6,62,1,426,1,520,1,259,142,613,1,0.00360,2,154,-3,867,310,821,2,493,,,,,,,,
6,64,1,426,1,520,1,258,142,613,1,0.00360,2,154,-3,867,310,771,2,492,,,,,,,,
6,66,1,426,1,520,1,258,142,613,1,0.00360,2,154,-3,867,310,771,2,492,,,,,,,,
6,68,1,426,1,521,1,258,142,613,1,0.00360,2,154,-3,867,310,771,2,492,,,,,,,,
6,70,1,426,1,520,1,258,142,613,1,0.00360,2,154,-3,867,310,771,2,492,,,,,,,,
6,72,1,426,1,520,1,256,142,613,1,0.00360,2,154,-3,867,310,721,2,492,,,,,,,,
6,74,1,425,1,520,1,256,142,491,1,0.00360,2,154,-3,867,310,721,2,492,,,,,,,,
6,76,1,426,1,520,1,256,142,613,1,0.00360,2,154,-3,867,310,721,2,492,,,,,,,,
6,78,1,425,1,520,1,255,142,491,1,0.00360,2,154,-3,867,310,671,2,492,,,,,,,,
6,80,1,425,1,520,1,255,142,491,1,0.00360,2,154,-3,867,310,671,2,492,,,,,,,,
6,82,1,425,1,521,1,255,142,491,1,0.00360,2,154,-3,867,310,671,2,492,,,,,,,,
6,84,1,425,1,520,1,254,142,491,1,0.00360,2,154,-3,867,310,621,2,492,,,,,,,,
6,86,1,425,1,519,1,254,142,491,1,0.00360,2,154,-3,867,310,621,2,492,,,,,,,,
6,88,1,424,1,520,1,254,142,369,1,0.00360,2,153,-3,867,310,621,2,492,,,,,,,,
6,90,1,425,1,521,1,253,142,491,1,0.00360,2,154,-3,867,310,570,2,492,,,,,,,,
6,92,1,425,1,521,1,253,142,491,1,0.00360,2,154,-3,867,310,570,2,492,,,,,,,,
6,94,1,425,1,520,1,253,142,491,1,0.00360,2,154,-3,867,310,570,2,492,,,,,,,,
6,96,1,425,1,520,1,252,142,491,1,0.00360,2,154,-3,867,310,520,2,492,,,,,,,,
6,98,1,425,1,521,1,253,142,491,1,0.00360,2,154,-3,867,310,570,2,492,,,,,,,,
7,0,1,425,1,520,1,252,142,491,1,0.00360,2,154,-3,867,310,520,2,492,,,,,,,,
7,2,1,424,1,520,1,252,142,369,1,0.00360,2,153,-3,867,310,520,2,492,,,,,,,,
7,4,1,424,1,520,1,250,142,369,1,0.00360,2,153,-3,867,310,470,2,492,,,,,,,,
7,6,1,424,1,520,1,250,142,369,1,0.00360,2,153,-3,867,310,470,2,492,,,,,,,,
7,8,1,424,1,520,1,250,142,369,1,0.00360,2,153,-3,867,310,470,2,492,,,,,,,,
7,10,1,424,1,520,1,250,142,369,1,0.00360,2,153,-3,867,310,470,2,492,,,,,,,,
7,12,1,424,1,520,1,249,142,369,1,0.00360,2,153,-3,867,310,420,2,492,,,,,,,,
7,14,1,424,1,520,1,249,142,369,1,0.00360,2,153,-3,867,310,420,2,492,,,,,,,,
7,16,1,424,1,520,1,249,142,369,1,0.00360,2,153,-3,867,310,420,2,492,,,,,,,,
7,18,1,424,1,520,1,249,142,369,1,0.00360,2,153,-3,867,310,420,2,492,,,,,,,,
7,20,1,424,1,520,1,248,142,369,1,0.00360,2,153,-3,867,310,370,2,492,,,,,,,,
7,22,1,424,1,521,1,248,142,369,1,0.00360,2,153,-3,867,310,370,2,492,,,,,,,,
7,24,1,424,1,520,1,248,142,369,1,0.00360,2,153,-3,867,310,370,2,492,,,,,,,,
7,26,1,424,1,521,1,248,142,369,1,0.00360,2,153,-3,867,310,370,2,492,,,,,,,,
7,28,1,424,1,520,1,247,142,369,1,0.00360,2,153,-3,867,310,319,2,492,,,,,,,,
7,30,1,422,1,520,1,247,142,247,1,0.00360,2,153,-3,867,310,319,2,492,,,,,,,,
7,32,1,422,1,520,1,248,142,247,1,0.00360,2,153,-3,867,310,370,2,492,,,,,,,,
7,34,1,422,1,520,1,247,142,247,1,0.00360,2,153,-3,867,310,319,2,492,,,,,,,,
7,36,1,422,1,520,1,245,142,247,1,0.00360,2,153,-3,867,310,269,2,492,,,,,,,,
7,38,1,422,1,520,1,245,142,247,1,0.00360,2,153,-3,867,310,269,2,492,,,,,,,,
7,40,1,422,1,520,1,245,142,247,1,0.00360,2,153,-3,867,310,269,2,492,,,,,,,,
7,42,1,422,1,521,1,245,142,247,1,0.00360,2,153,-3,867,310,269,2,492,,,,,,,,
7,44,1,422,1,520,1,245,142,247,1,0.00360,2,153,-3,867,310,269,2,492,,,,,,,,
7,46,1,422,1,520,1,245,142,247,1,0.00360,2,153,-3,867,310,269,2,492,,,,,,,,
7,48,1,422,1,520,1,245,142,247,1,0.00360,2,153,-3,867,310,269,2,492,,,,,,,,
7,50,1,422,1,520,1,244,142,247,1,0.00360,2,153,-3,867,310,219,2,492,,,,,,,,
7,52,1,422,1,520,1,245,142,247,1,0.00360,2,153,-3,867,310,269,2,492,,,,,,,,
7,54,1,422,1,521,1,244,142,247,1,0.00360,2,153,-3,867,310,219,2,492,,,,,,,,
7,56,1,422,1,520,1,244,142,247,1,0.00360,2,153,-3,867,310,219,2,492,,,,,,,,
7,58,1,422,1,520,1,244,142,247,1,0.00360,2,153,-3,867,310,219,2,492,,,,,,,,
7,60,1,421,1,520,1,244,142,125,1,0.00360,2,153,-3,867,310,219,2,492,,,,,,,,
7,62,1,422,1,520,1,244,142,247,1,0.00360,2,153,-3,867,310,219,2,492,,,,,,,,
7,64,1,421,1,520,1,243,142,125,1,0.00360,2,153,-3,867,310,169,2,492,,,,,,,,
7,66,1,421,1,520,1,243,142,125,1,0.00360,2,153,-3,867,310,169,2,492,,,,,,,,
7,68,1,422,1,521,1,243,142,247,1,0.00360,2,153,-3,867,310,169,2,492,,,,,,,,
7,70,1,422,1,520,1,243,142,247,1,0.00360,2,153,-3,867,310,169,2,492,,,,,,,,
7,72,1,422,1,520,1,243,142,247,1,0.00360,2,153,-3,867,310,169,2,492,,,,,,,,
7,74,1,421,1,520,1,243,142,125,1,0.00360,2,153,-3,867,310,169,2,492,,,,,,,,
7,76,1,421,1,520,1,243,142,125,1,0.00360,2,153,-3,867,310,169,2,492,,,,,,,,
7,78,1,422,1,521,1,242,142,247,1,0.00360,2,153,-3,867,310,119,2,492,,,,,,,,
7,80,1,422,1,520,1,243,142,247,1,0.00360,2,153,-3,867,310,169,2,492,,,,,,,,
7,82,1,421,1,520,1,243,142,125,1,0.00360,2,153,-3,867,310,169,2,492,,,,,,,,
7,84,1,422,1,520,1,242,142,247,1,0.00360,2,153,-3,867,310,119,2,492,,,,,,,,
7,86,1,421,1,520,1,242,142,125,1,0.00360,2,153,-3,867,310,119,2,492,,,,,,,,
7,88,1,421,1,520,1,242,142,125,1,0.00360,2,153,-3,867,310,119,2,492,,,,,,,,
7,90,1,421,1,520,1,241,142,125,1,0.00360,2,153,-3,867,310,68,2,491,,,,,,,,
7,92,1,421,1,520,1,241,142,125,1,0.00360,2,153,-3,867,310,68,2,491,,,,,,,,
7,94,1,421,1,520,1,242,142,125,1,0.00360,2,153,-3,867,310,119,2,492,,,,,,,,
7,96,1,421,1,520,1,242,142,125,1,0.00360,2,153,-3,867,310,119,2,492,,,,,,,,
7,98,1,421,1,520,1,241,142,125,1,0.00360,2,153,-3,867,310,68,2,491,,,,,,,,
8,0,1,422,1,520,1,241,142,247,1,0.00360,2,153,-3,867,310,68,2,491,,,,,,,,
8,2,1,421,1,520,1,241,142,125,1,0.00360,2,153,-3,867,310,68,2,491,,,,,,,,
8,4,1,421,1,521,1,241,142,125,1,0.00360,2,153,-3,867,310,68,2,491,,,,,,,,
8,6,1,421,1,520,1,241,142,125,1,0.00360,2,153,-3,867,310,68,2,491,,,,,,,,
8,8,1,421,1,520,1,239,142,125,1,0.00360,2,153,-3,867,310,18,2,491,,,,,,,,
8,10,1,420,1,520,1,241,142,2,1,0.00360,2,152,-3,867,310,68,2,491,,,,,,,,
8,12,1,421,1,520,1,241,142,125,1,0.00360,2,153,-3,867,310,68,2,491,,,,,,,,
8,14,1,421,1,520,1,239,142,125,1,0.00360,2,153,-3,867,310,18,2,491,,,,,,,,
8,16,1,421,1,520,1,239,142,125,1,0.00360,2,153,-3,867,310,18,2,491,,,,,,,,
8,18,1,421,1,520,1,239,142,125,1,0.00360,2,153,-3,867,310,18,2,491,,,,,,,,
8,20,1,421,1,520,1,241,142,125,1,0.00360,2,153,-3,867,310,68,2,491,,,,,,,,
8,22,1,421,1,520,1,239,142,125,1,0.00360,2,153,-3,867,310,18,2,491,,,,,,,,
8,24,1,421,1,520,1,239,142,125,1,0.00360,2,153,-3,867,310,18,2,491,,,,,,,,
8,26,1,420,1,520,1,239,142,2,1,0.00360,2,152,-3,867,310,18,2,491,,,,,,,,
8,28,1,420,1,520,1,239,142,2,1,0.00360,2,152,-3,867,310,18,2,491,,,,,,,,
8,30,1,421,1,520,1,239,142,125,1,0.00360,2,153,-3,867,310,18,2,491,,,,,,,,
8,32,1,421,1,520,1,239,142,125,1,0.00360,2,153,-3,867,310,18,2,491,,,,,,,,
8,34,1,420,1,520,1,238,142,2,1,0.00360,2,152,-3,867,309,968,2,491,,,,,,,,
8,36,1,421,1,520,1,238,142,125,1,0.00360,2,153,-3,867,309,968,2,491,,,,,,,,
8,38,1,420,1,520,1,238,142,2,1,0.00360,2,152,-3,867,309,968,2,491,,,,,,,,
8,40,1,420,1,520,1,238,142,2,1,0.00360,2,152,-3,867,309,968,2,491,,,,,,,,
8,42,1,420,1,520,1,238,142,2,1,0.00360,2,152,-3,867,309,968,2,491,,,,,,,,
8,44,1,420,1,520,1,238,142,2,1,0.00360,2,152,-3,867,309,968,2,491,,,,,,,,
8,46,1,420,1,521,1,238,142,2,1,0.00360,2,152,-3,867,309,968,2,491,,,,,,,,
8,48,1,421,1,520,1,238,142,125,1,0.00360,2,153,-3,867,309,968,2,491,,,,,,,,
8,50,1,421,1,520,1,238,142,125,1,0.00360,2,153,-3,867,309,968,2,491,,,,,,,,
8,52,1,420,1,520,1,238,142,2,1,0.00360,2,152,-3,867,309,968,2,491,,,,,,,,
8,54,1,420,1,521,1,238,142,2,1,0.00360,2,152,-3,867,309,968,2,491,,,,,,,,
8,56,1,421,1,520,1,238,142,125,1,0.00360,2,153,-3,867,309,968,2,491,,,,,,,,
8,58,1,421,1,520,1,238,142,125,1,0.00360,2,153,-3,867,309,968,2,491,,,,,,,,
8,60,1,420,1,520,1,238,142,2,1,0.00360,2,152,-3,867,309,968,2,491,,,,,,,,
8,62,1,420,1,520,1,238,142,2,1,0.00360,2,152,-3,867,309,968,2,491,,,,,,,,
8,64,1,420,1,520,1,237,142,2,1,0.00360,2,152,-3,867,309,918,2,491,,,,,,,,
8,66,1,420,1,520,1,238,142,2,1,0.00360,2,152,-3,867,309,968,2,491,,,,,,,,
8,68,1,420,1,520,1,237,142,2,1,0.00360,2,152,-3,867,309,918,2,491,,,,,,,,
8,70,1,420,1,520,1,237,142,2,1,0.00360,2,152,-3,867,309,918,2,491,,,,,,,,
8,72,1,420,1,520,1,237,142,2,1,0.00360,2,152,-3,867,309,918,2,491,,,,,,,,
8,74,1,420,1,520,1,238,142,2,1,0.00360,2,152,-3,867,309,968,2,491,,,,,,,,
8,76,1,420,1,520,1,238,142,2,1,0.00360,2,152,-3,867,309,968,2,491,,,,,,,,
8,78,1,421,1,520,1,237,142,125,1,0.00360,2,153,-3,867,309,918,2,491,,,,,,,,
8,80,1,420,1,520,1,237,142,2,1,0.00360,2,152,-3,867,309,918,2,491,,,,,,,,
8,82,1,420,1,521,1,237,142,2,1,0.00360,2,152,-3,867,309,918,2,491,,,,,,,,
8,84,1,420,1,520,1,237,142,2,1,0.00360,2,152,-3,867,309,918,2,491,,,,,,,,
8,86,1,420,1,519,1,237,142,2,1,0.00360,2,152,-3,867,309,918,2,491,,,,,,,,
8,88,1,420,1,520,1,237,142,2,1,0.00360,2,152,-3,867,309,918,2,491,,,,,,,,
8,90,1,419,1,520,1,237,141,880,1,0.00360,2,152,-3,867,309,918,2,491,,,,,,,,
8,92,1,420,1,520,1,236,142,2,1,0.00360,2,152,-3,867,309,868,2,491,,,,,,,,
8,94,1,420,1,520,1,237,142,2,1,0.00360,2,152,-3,867,309,918,2,491,,,,,,,,
8,96,1,419,1,520,1,237,141,880,1,0.00360,2,152,-3,867,309,918,2,491,,,,,,,,
8,98,1,420,1,520,1,237,142,2,1,0.00360,2,152,-3,867,309,918,2,491,,,,,,,,
9,0,1,420,1,520,1,236,142,2,1,0.00360,2,152,-3,867,309,868,2,491,,,,,,,,
9,2,1,420,1,520,1,237,142,2,1,0.00360,2,152,-3,867,309,918,2,491,,,,,,,,
9,4,1,419,1,521,1,237,141,880,1,0.00360,2,152,-3,867,309,918,2,491,,,,,,,,
9,6,1,420,1,520,1,236,142,2,1,0.00360,2,152,-3,867,309,868,2,491,,,,,,,,
9,8,1,420,1,520,1,236,142,2,1,0.00360,2,152,-3,867,309,868,2,491,,,,,,,,
9,10,1,419,1,521,1,237,141,880,1,0.00360,2,152,-3,867,309,918,2,491,,,,,,,,
9,12,1,420,1,520,1,236,142,2,1,0.00360,2,152,-3,867,309,868,2,491,,,,,,,,
9,14,1,420,1,520,1,236,142,2,1,0.00360,2,152,-3,867,309,868,2,491,,,,,,,,
9,16,1,419,1,520,1,236,141,880,1,0.00360,2,152,-3,867,309,868,2,491,,,,,,,,
9,18,1,420,1,520,1,236,142,2,1,0.00360,2,152,-3,867,309,868,2,491,,,,,,,,
9,20,1,419,1,520,1,236,141,880,1,0.00360,2,152,-3,867,309,868,2,491,,,,,,,,
9,22,1,419,1,520,1,236,141,880,1,0.00360,2,152,-3,867,309,868,2,491,,,,,,,,
9,24,1,419,1,520,1,236,141,880,1,0.00360,2,152,-3,867,309,868,2,491,,,,,,,,
9,26,1,420,1,520,1,236,142,2,1,0.00360,2,152,-3,867,309,868,2,491,,,,,,,,
9,28,1,419,1,520,1,236,141,880,1,0.00360,2,152,-3,867,309,868,2,491,,,,,,,,
9,30,1,419,1,520,1,236,141,880,1,0.00360,2,152,-3,867,309,868,2,491,,,,,,,,
9,32,1,420,1,520,1,236,142,2,1,0.00360,2,152,-3,867,309,868,2,491,,,,,,,,
9,34,1,420,1,520,1,236,142,2,1,0.00360,2,152,-3,867,309,868,2,491,,,,,,,,
9,36,1,419,1,520,1,236,141,880,1,0.00360,2,152,-3,867,309,868,2,491,,,,,,,,
9,38,1,419,1,520,1,236,141,880,1,0.00360,2,152,-3,867,309,868,2,491,,,,,,,,
9,40,1,419,1,520,1,234,141,880,1,0.00360,2,152,-3,867,309,818,2,491,,,,,,,,
9,42,1,419,1,520,1,236,141,880,1,0.00360,2,152,-3,867,309,868,2,491,,,,,,,,
9,44,1,419,1,520,1,236,141,880,1,0.00360,2,152,-3,867,309,868,2,491,,,,,,,,
9,46,1,419,1,520,1,234,141,880,1,0.00360,2,152,-3,867,309,818,2,491,,,,,,,,
9,48,1,419,1,519,1,236,141,880,1,0.00360,2,152,-3,867,309,868,2,491,,,,,,,,
9,50,1,419,1,520,1,236,141,880,1,0.00360,2,152,-3,867,309,868,2,491,,,,,,,,
9,52,1,419,1,520,1,234,141,880,1,0.00360,2,152,-3,867,309,818,2,491,,,,,,,,
9,54,1,419,1,520,1,234,141,880,1,0.00360,2,152,-3,867,309,818,2,491,,,,,,,,
9,56,1,419,1,520,1,236,141,880,1,0.00360,2,152,-3,867,309,868,2,491,,,,,,,,
9,58,1,419,1,521,1,234,141,880,1,0.00360,2,152,-3,867,309,818,2,491,,,,,,,,
9,60,1,420,1,520,1,234,142,2,1,0.00360,2,152,-3,867,309,818,2,491,,,,,,,,
9,62,1,419,1,520,1,236,141,880,1,0.00360,2,152,-3,867,309,868,2,491,,,,,,,,
9,64,1,419,1,520,1,234,141,880,1,0.00360,2,152,-3,867,309,818,2,491,,,,,,,,
9,66,1,419,1,520,1,234,141,880,1,0.00360,2,152,-3,867,309,818,2,491,,,,,,,,
9,68,1,419,1,520,1,234,141,880,1,0.00360,2,152,-3,867,309,818,2,491,,,,,,,,
9,70,1,419,1,520,1,234,141,880,1,0.00360,2,152,-3,867,309,818,2,491,,,,,,,,
9,72,1,419,1,520,1,234,141,880,1,0.00360,2,152,-3,867,309,818,2,491,,,,,,,,
9,74,1,419,1,520,1,234,141,880,1,0.00360,2,152,-3,867,309,818,2,491,,,,,,,,
9,76,1,419,1,520,1,234,141,880,1,0.00360,2,152,-3,867,309,818,2,491,,,,,,,,
9,78,1,419,1,520,1,234,141,880,1,0.00360,2,152,-3,867,309,818,2,491,,,,,,,,
9,80,1,419,1,521,1,234,141,880,1,0.00360,2,152,-3,867,309,818,2,491,,,,,,,,
9,82,1,419,1,520,1,234,141,880,1,0.00360,2,152,-3,867,309,818,2,491,,,,,,,,
9,84,1,419,1,520,1,233,141,880,1,0.00360,2,152,-3,867,309,767,2,491,,,,,,,,
9,86,1,418,1,521,1,234,141,758,1,0.00360,2,152,-3,867,309,818,2,491,,,,,,,,
9,88,1,418,1,521,1,234,141,758,1,0.00360,2,152,-3,867,309,818,2,491,,,,,,,,
9,90,1,410,1,542,1,230,141,26,1,0.00360,2,149,-3,865,309,617,2,491,,,,,,,,
9,92,1,350,1,678,1,198,135,43,1,0.00410,2,130,-3,851,308,312,2,489,,,,,,,,
9,94,1,243,1,946,1,111,124,298,1,0.00500,2,94,-3,825,304,748,2,484,,,,,,,,
9,96,1,126,2,291,0,985,112,576,1,0.00610,2,51,-3,794,299,578,2,477,,,,,,,,
9,98,1,0,2,744,0,844,100,0,1,0.00750,2,0,-3,756,293,755,2,468,,,,,,,,
10,0,0,886,3,260,0,714,88,645,1,0.00920,1,948,-3,716,288,434,2,460,,,,,,,,
10,2,0,862,3,408,0,647,86,203,1,0.00970,1,936,-3,706,285,674,2,456,,,,,,,,
10,4,0,872,3,405,0,648,87,179,1,0.00970,1,940,-3,706,285,724,2,456,,,,,,,,
10,6,0,879,3,404,0,658,87,912,1,0.00970,1,944,-3,706,286,125,2,457,,,,,,,,
10,8,0,885,3,404,0,667,88,523,1,0.00970,1,947,-3,706,286,477,2,457,,,,,,,,
10,10,0,890,3,404,0,676,89,11,1,0.00970,1,949,-3,706,286,878,2,458,,,,,,,,
10,12,0,893,3,404,0,683,89,255,1,0.00970,1,951,-3,706,287,129,2,458,,,,,,,,
10,14,0,896,3,404,0,689,89,621,1,0.00970,1,952,-3,706,287,380,2,458,,,,,,,,
10,16,0,899,3,403,0,694,89,866,1,0.00970,1,954,-3,706,287,581,2,459,,,,,,,,
10,18,0,900,3,404,0,700,89,988,1,0.00970,1,954,-3,706,287,832,2,459,,,,,,,,
10,20,0,902,3,404,0,705,90,232,1,0.00970,1,955,-3,706,288,33,2,459,,,,,,,,
10,22,0,904,3,403,0,708,90,354,1,0.00970,1,956,-3,706,288,183,2,460,,,,,,,,
10,24,0,905,3,403,0,712,90,476,1,0.00970,1,957,-3,706,288,334,2,460,,,,,,,,
10,26,0,906,3,404,0,716,90,598,1,0.00970,1,957,-3,706,288,484,2,460,,,,,,,,
10,28,0,907,3,404,0,719,90,720,1,0.00970,1,958,-3,706,288,635,2,460,,,,,,,,
10,30,0,908,3,404,0,722,90,842,1,0.00970,1,958,-3,706,288,735,2,461,,,,,,,,
10,32,0,908,3,404,0,725,90,842,1,0.00970,1,958,-3,706,288,886,2,461,,,,,,,,
10,34,0,910,3,404,0,728,90,965,1,0.00970,1,959,-3,706,288,986,2,461,,,,,,,,
10,36,0,910,3,404,0,730,90,965,1,0.00970,1,959,-3,706,289,87,2,461,,,,,,,,
10,38,0,911,3,404,0,734,91,87,1,0.00970,1,959,-3,706,289,237,2,461,,,,,,,,
10,40,0,911,3,404,0,736,91,87,1,0.00970,1,959,-3,706,289,338,2,461,,,,,,,,
10,42,0,912,3,403,0,739,91,209,1,0.00970,1,960,-3,706,289,438,2,462,,,,,,,,
10,44,0,913,3,404,0,742,91,331,1,0.00970,1,961,-3,706,289,589,2,462,,,,,,,,
10,46,0,913,3,403,0,745,91,331,1,0.00970,1,961,-3,706,289,689,2,462,,,,,,,,
10,48,0,913,3,403,0,748,91,331,1,0.00970,1,961,-3,706,289,840,2,462,,,,,,,,
10,50,0,915,3,403,0,751,91,453,1,0.00970,1,961,-3,706,289,940,2,462,,,,,,,,
10,52,0,915,3,403,0,753,91,453,1,0.00970,1,961,-3,706,290,41,2,462,,,,,,,,
10,54,0,916,3,404,0,757,91,575,1,0.00970,1,962,-3,706,290,191,2,463,,,,,,,,
10,56,0,916,3,404,0,761,91,575,1,0.00970,1,962,-3,706,290,342,2,463,,,,,,,,
10,58,0,917,3,404,0,763,91,697,1,0.00970,1,962,-3,706,290,442,2,463,,,,,,,,
10,60,0,917,3,404,0,767,91,697,1,0.00970,1,962,-3,706,290,593,2,463,,,,,,,,
10,62,0,918,3,404,0,770,91,819,1,0.00970,1,963,-3,706,290,743,2,464,,,,,,,,
10,64,0,918,3,404,0,774,91,819,1,0.00970,1,963,-3,706,290,894,2,464,,,,,,,,
10,66,0,918,3,403,0,777,91,819,1,0.00970,1,963,-3,706,290,994,2,464,,,,,,,,
10,68,0,919,3,404,0,780,91,941,1,0.00970,1,964,-3,706,291,145,2,464,,,,,,,,
10,70,0,919,3,404,0,784,91,941,1,0.00970,1,964,-3,706,291,295,2,464,,,,,,,,
10,72,0,919,3,403,0,788,91,941,1,0.00970,1,964,-3,706,291,446,2,465,,,,,,,,
10,74,0,921,3,403,0,790,92,63,1,0.00970,1,964,-3,706,291,546,2,465,,,,,,,,
10,76,0,921,3,403,0,794,92,63,1,0.00970,1,964,-3,706,291,697,2,465,,,,,,,,
10,78,0,921,3,403,0,797,92,63,1,0.00970,1,964,-3,706,291,848,2,465,,,,,,,,
10,80,0,922,3,404,0,800,92,186,1,0.00970,1,965,-3,706,291,948,2,465,,,,,,,,
10,82,0,923,3,404,0,803,92,308,1,0.00970,1,965,-3,706,292,99,2,466,,,,,,,,
10,84,0,922,3,404,0,806,92,186,1,0.00970,1,965,-3,706,292,199,2,466,,,,,,,,
10,86,0,923,3,405,0,808,92,308,1,0.00970,1,965,-3,706,292,299,2,466,,,,,,,,
10,88,0,923,3,404,0,811,92,308,1,0.00970,1,965,-3,706,292,400,2,466,,,,,,,,
10,90,0,923,3,404,0,813,92,308,1,0.00970,1,965,-3,706,292,500,2,466,,,,,,,,
10,92,0,924,3,405,0,816,92,430,1,0.00970,1,966,-3,706,292,601,2,466,,,,,,,,
10,94,0,924,3,404,0,817,92,430,1,0.00970,1,966,-3,706,292,651,2,466,,,,,,,,
10,96,0,926,3,403,0,818,92,552,1,0.00970,1,966,-3,706,292,701,2,466,,,,,,,,
10,98,0,926,3,403,0,821,92,552,1,0.00970,1,966,-3,706,292,801,2,467,,,,,,,,
11,0,0,926,3,403,0,822,92,552,1,0.00970,1,966,-3,706,292,851,2,467,,,,,,,,
11,2,0,927,3,403,0,823,92,674,1,0.00970,1,967,-3,706,292,902,2,467,,,,,,,,
11,4,0,927,3,404,0,824,92,674,1,0.00970,1,967,-3,706,292,952,2,467,,,,,,,,
11,6,0,927,3,404,0,827,92,674,1,0.00970,1,967,-3,706,293,52,2,467,,,,,,,,
11,8,0,928,3,404,0,827,92,796,1,0.00970,1,968,-3,706,293,52,2,467,,,,,,,,
11,10,0,928,3,404,0,829,92,796,1,0.00970,1,968,-3,706,293,153,2,467,,,,,,,,
11,12,0,928,3,404,0,832,92,796,1,0.00970,1,968,-3,706,293,253,2,467,,,,,,,,
11,14,0,929,3,404,0,833,92,918,1,0.00970,1,968,-3,706,293,303,2,467,,,,,,,,
11,16,0,929,3,404,0,835,92,918,1,0.00970,1,968,-3,706,293,404,2,467,,,,,,,,
11,18,0,929,3,404,0,836,92,918,1,0.00970,1,968,-3,706,293,454,2,468,,,,,,,,
11,20,0,930,3,404,0,839,93,40,1,0.00970,1,969,-3,706,293,554,2,468,,,,,,,,
11,22,0,930,3,402,0,840,93,40,1,0.00970,1,969,-3,706,293,604,2,468,,,,,,,,
11,24,0,930,3,403,0,844,93,40,1,0.00970,1,969,-3,706,293,755,2,468,,,,,,,,
11,26,0,930,3,404,0,846,93,40,1,0.00970,1,969,-3,706,293,855,2,468,,,,,,,,
11,28,0,932,3,404,0,849,93,162,1,0.00970,1,969,-3,706,293,956,2,468,,,,,,,,
11,30,0,932,3,404,0,851,93,162,1,0.00970,1,969,-3,706,294,56,2,468,,,,,,,,
11,32,0,932,3,404,0,855,93,162,1,0.00970,1,969,-3,706,294,207,2,469,,,,,,,,
11,34,0,933,3,404,0,857,93,284,1,0.00970,1,970,-3,706,294,307,2,469,,,,,,,,
11,36,0,933,3,404,0,860,93,284,1,0.00970,1,970,-3,706,294,408,2,469,,,,,,,,
11,38,0,933,3,404,0,863,93,284,1,0.00970,1,970,-3,706,294,558,2,469,,,,,,,,
11,40,0,934,3,404,0,866,93,407,1,0.00970,1,970,-3,706,294,659,2,469,,,,,,,,
11,42,0,934,3,404,0,869,93,407,1,0.00970,1,970,-3,706,294,809,2,470,,,,,,,,
11,44,0,934,3,404,0,872,93,407,1,0.00970,1,970,-3,706,294,909,2,470,,,,,,,,
11,46,0,934,3,403,0,874,93,407,1,0.00970,1,970,-3,706,295,10,2,470,,,,,,,,
11,48,0,935,3,403,0,878,93,529,1,0.00970,1,971,-3,706,295,160,2,470,,,,,,,,
11,50,0,935,3,403,0,879,93,529,1,0.00970,1,971,-3,706,295,211,2,470,,,,,,,,
11,52,0,935,3,404,0,883,93,529,1,0.00970,1,971,-3,706,295,361,2,470,,,,,,,,
11,54,0,935,3,404,0,886,93,529,1,0.00970,1,971,-3,706,295,512,2,471,,,,,,,,
11,56,0,937,3,404,0,889,93,651,1,0.00970,1,972,-3,706,295,612,2,471,,,,,,,,
11,58,0,938,3,404,0,891,93,773,1,0.00970,1,972,-3,706,295,713,2,471,,,,,,,,
11,60,0,938,3,404,0,895,93,773,1,0.00970,1,972,-3,706,295,863,2,471,,,,,,,,
11,62,0,938,3,404,0,897,93,773,1,0.00970,1,972,-3,706,295,964,2,471,,,,,,,,
11,64,0,939,3,404,0,901,93,895,1,0.00970,1,973,-3,706,296,114,2,471,,,,,,,,
11,66,0,939,3,404,0,902,93,895,1,0.00970,1,973,-3,706,296,164,2,472,,,,,,,,
11,68,0,939,3,404,0,906,93,895,1,0.00970,1,973,-3,706,296,315,2,472,,,,,,,,
11,70,0,939,3,404,0,908,93,895,1,0.00970,1,973,-3,706,296,415,2,472,,,,,,,,
11,72,0,939,3,403,0,911,93,895,1,0.00970,1,973,-3,706,296,516,2,472,,,,,,,,
11,74,0,940,3,403,0,913,94,17,1,0.00970,1,973,-3,706,296,616,2,472,,,,,,,,
11,76,0,940,3,404,0,917,94,17,1,0.00970,1,973,-3,706,296,767,2,472,,,,,,,,
11,78,0,940,3,403,0,919,94,17,1,0.00970,1,973,-3,706,296,867,2,473,,,,,,,,
11,80,0,940,3,404,0,922,94,17,1,0.00970,1,973,-3,706,296,967,2,473,,,,,,,,
11,82,0,941,3,404,0,924,94,139,1,0.00970,1,974,-3,706,297,68,2,473,,,,,,,,
11,84,0,941,3,404,0,927,94,139,1,0.00970,1,974,-3,706,297,168,2,473,,,,,,,,
11,86,0,943,3,404,0,929,94,261,1,0.00970,1,974,-3,706,297,269,2,473,,,,,,,,
11,88,0,943,3,404,0,932,94,261,1,0.00970,1,974,-3,706,297,369,2,473,,,,,,,,
11,90,0,943,3,404,0,934,94,261,1,0.00970,1,974,-3,706,297,469,2,473,,,,,,,,
11,92,0,944,3,404,0,938,94,383,1,0.00970,1,975,-3,706,297,620,2,474,,,,,,,,
11,94,0,944,3,404,0,939,94,383,1,0.00970,1,975,-3,706,297,670,2,474,,,,,,,,
11,96,0,943,3,404,0,941,94,261,1,0.00970,1,974,-3,706,297,771,2,474,,,,,,,,
11,98,0,944,3,404,0,944,94,383,1,0.00970,1,975,-3,706,297,871,2,474,,,,,,,,
12,0,0,945,3,404,0,946,94,505,1,0.00970,1,975,-3,706,297,971,2,474,,,,,,,,
12,2,0,944,3,403,0,949,94,383,1,0.00970,1,975,-3,706,298,72,2,474,,,,,,,,
12,4,0,945,3,404,0,951,94,505,1,0.00970,1,975,-3,706,298,172,2,474,,,,,,,,
12,6,0,945,3,403,0,954,94,505,1,0.00970,1,975,-3,706,298,273,2,475,,,,,,,,
12,8,0,945,3,403,0,955,94,505,1,0.00970,1,975,-3,706,298,323,2,475,,,,,,,,
12,10,0,946,3,404,0,958,94,628,1,0.00970,1,976,-3,706,298,473,2,475,,,,,,,,
12,12,0,946,3,404,0,960,94,628,1,0.00970,1,976,-3,706,298,524,2,475,,,,,,,,
12,14,0,946,3,405,0,962,94,628,1,0.00970,1,976,-3,706,298,624,2,475,,,,,,,,
12,16,0,946,3,404,0,965,94,628,1,0.00970,1,976,-3,706,298,724,2,475,,,,,,,,
12,18,0,946,3,404,0,967,94,628,1,0.00970,1,976,-3,706,298,825,2,475,,,,,,,,
12,20,0,947,3,404,0,968,94,750,1,0.00970,1,977,-3,706,298,875,2,475,,,,,,,,
12,22,0,947,3,404,0,971,94,750,1,0.00970,1,977,-3,706,298,975,2,476,,,,,,,,
12,24,0,947,3,404,0,973,94,750,1,0.00970,1,977,-3,706,299,76,2,476,,,,,,,,
12,26,0,947,3,404,0,974,94,750,1,0.00970,1,977,-3,706,299,126,2,476,,,,,,,,
12,28,0,949,3,403,0,976,94,872,1,0.00970,1,977,-3,706,299,176,2,476,,,,,,,,
12,30,0,949,3,403,0,978,94,872,1,0.00970,1,977,-3,706,299,276,2,476,,,,,,,,
12,32,0,949,3,404,0,980,94,872,1,0.00970,1,977,-3,706,299,377,2,476,,,,,,,,
12,34,0,949,3,404,0,983,94,872,1,0.00970,1,977,-3,706,299,477,2,476,,,,,,,,
12,36,0,949,3,403,0,984,94,872,1,0.00970,1,977,-3,706,299,527,2,476,,,,,,,,
12,38,0,950,3,404,0,987,94,994,1,0.00970,1,978,-3,706,299,628,2,477,,,,,,,,
12,40,0,950,3,404,0,989,94,994,1,0.00970,1,978,-3,706,299,728,2,477,,,,,,,,
12,42,0,950,3,404,0,990,94,994,1,0.00970,1,978,-3,706,299,778,2,477,,,,,,,,
12,44,0,950,3,404,0,993,94,994,1,0.00970,1,978,-3,706,299,879,2,477,,,,,,,,
12,46,0,950,3,404,0,994,94,994,1,0.00970,1,978,-3,706,299,929,2,477,,,,,,,,
12,48,0,951,3,404,0,996,95,116,1,0.00970,1,978,-3,706,300,29,2,477,,,,,,,,
12,50,0,951,3,404,0,998,95,116,1,0.00970,1,978,-3,706,300,80,2,477,,,,,,,,
12,52,0,951,3,403,0,999,95,116,1,0.00970,1,978,-3,706,300,130,2,477,,,,,,,,
12,54,0,951,3,404,1,2,95,116,1,0.00970,1,978,-3,706,300,280,2,478,,,,,,,,
12,56,0,951,3,403,1,4,95,116,1,0.00970,1,978,-3,706,300,331,2,478,,,,,,,,
12,58,0,951,3,403,1,6,95,116,1,0.00970,1,978,-3,706,300,431,2,478,,,,,,,,
12,60,0,951,3,403,1,9,95,116,1,0.00970,1,978,-3,706,300,531,2,478,,,,,,,,
12,62,0,952,3,404,1,10,95,238,1,0.00970,1,979,-3,706,300,582,2,478,,,,,,,,
12,64,0,952,3,404,1,12,95,238,1,0.00970,1,979,-3,706,300,682,2,478,,,,,,,,
12,66,0,952,3,404,1,15,95,238,1,0.00970,1,979,-3,706,300,782,2,478,,,,,,,,
12,68,0,954,3,404,1,17,95,360,1,0.00970,1,979,-3,706,300,883,2,478,,,,,,,,
12,70,0,954,3,404,1,18,95,360,1,0.00970,1,979,-3,706,300,933,2,478,,,,,,,,
12,72,0,954,3,404,1,21,95,360,1,0.00970,1,979,-3,706,301,33,2,479,,,,,,,,
12,74,0,954,3,404,1,22,95,360,1,0.00970,1,979,-3,706,301,84,2,479,,,,,,,,
12,76,0,954,3,404,1,24,95,360,1,0.00970,1,979,-3,706,301,184,2,479,,,,,,,,
12,78,0,954,3,403,1,27,95,360,1,0.00970,1,979,-3,706,301,284,2,479,,,,,,,,
12,80,0,955,3,404,1,28,95,482,1,0.00970,1,980,-3,706,301,334,2,479,,,,,,,,
12,82,0,954,3,403,1,32,95,360,1,0.00970,1,979,-3,706,301,485,2,479,,,,,,,,
12,84,0,954,3,403,1,33,95,360,1,0.00970,1,979,-3,706,301,535,2,479,,,,,,,,
12,86,0,955,3,403,1,35,95,482,1,0.00970,1,980,-3,706,301,636,2,479,,,,,,,,
12,88,0,955,3,404,1,38,95,482,1,0.00970,1,980,-3,706,301,736,2,480,,,,,,,,
12,90,0,955,3,404,1,40,95,482,1,0.00970,1,980,-3,706,301,836,2,480,,,,,,,,
12,92,0,955,3,404,1,43,95,482,1,0.00970,1,980,-3,706,301,937,2,480,,,,,,,,
12,94,0,956,3,404,1,44,95,604,1,0.00970,1,980,-3,706,301,987,2,480,,,,,,,,
12,96,0,956,3,403,1,46,95,604,1,0.00970,1,980,-3,706,302,87,2,480,,,,,,,,
12,98,0,956,3,404,1,49,95,604,1,0.00970,1,980,-3,706,302,188,2,480,,,,,,,,
13,0,0,956,3,404,1,51,95,604,1,0.00970,1,980,-3,706,302,288,2,480,,,,,,,,
13,2,0,956,3,403,1,54,95,604,1,0.00970,1,980,-3,706,302,389,2,481,,,,,,,,
13,4,0,956,3,403,1,56,95,604,1,0.00970,1,980,-3,706,302,489,2,481,,,,,,,,
13,6,0,956,3,403,1,57,95,604,1,0.00970,1,980,-3,706,302,539,2,481,,,,,,,,
13,8,0,956,3,404,1,60,95,604,1,0.00970,1,980,-3,706,302,640,2,481,,,,,,,,
13,10,0,957,3,404,1,62,95,726,1,0.00970,1,981,-3,706,302,740,2,481,,,,,,,,
13,12,0,957,3,403,1,65,95,726,1,0.00970,1,981,-3,706,302,840,2,481,,,,,,,,
13,14,0,957,3,404,1,67,95,726,1,0.00970,1,981,-3,706,302,941,2,481,,,,,,,,
13,16,0,957,3,405,1,70,95,726,1,0.00970,1,981,-3,706,303,41,2,482,,,,,,,,
13,18,0,957,3,404,1,72,95,726,1,0.00970,1,981,-3,706,303,142,2,482,,,,,,,,
13,20,0,957,3,404,1,73,95,726,1,0.00970,1,981,-3,706,303,192,2,482,,,,,,,,
13,22,0,957,3,404,1,76,95,726,1,0.00970,1,981,-3,706,303,292,2,482,,,,,,,,
13,24,0,957,3,404,1,78,95,726,1,0.00970,1,981,-3,706,303,393,2,482,,,,,,,,
13,26,0,958,3,405,1,79,95,849,1,0.00970,1,982,-3,706,303,443,2,482,,,,,,,,
13,28,0,958,3,404,1,82,95,849,1,0.00970,1,982,-3,706,303,543,2,482,,,,,,,,
13,30,0,958,3,403,1,83,95,849,1,0.00970,1,982,-3,706,303,593,2,482,,,,,,,,
13,32,0,957,3,405,1,85,95,726,1,0.00970,1,981,-3,706,303,694,2,482,,,,,,,,
13,34,0,958,3,404,1,88,95,849,1,0.00970,1,982,-3,706,303,794,2,483,,,,,,,,
13,36,0,958,3,403,1,90,95,849,1,0.00970,1,982,-3,706,303,894,2,483,,,,,,,,
13,38,0,958,3,404,1,92,95,849,1,0.00970,1,982,-3,706,303,945,2,483,,,,,,,,
13,40,0,958,3,404,1,94,95,849,1,0.00970,1,982,-3,706,304,45,2,483,,,,,,,,
13,42,0,958,3,404,1,96,95,849,1,0.00970,1,982,-3,706,304,145,2,483,,,,,,,,
13,44,0,958,3,404,1,98,95,849,1,0.00970,1,982,-3,706,304,196,2,483,,,,,,,,
13,46,0,958,3,404,1,99,95,849,1,0.00970,1,982,-3,706,304,246,2,483,,,,,,,,
13,48,0,958,3,404,1,101,95,849,1,0.00970,1,982,-3,706,304,346,2,483,,,,,,,,
13,50,0,958,3,404,1,103,95,849,1,0.00970,1,982,-3,706,304,396,2,483,,,,,,,,
13,52,0,960,3,404,1,105,95,971,1,0.00970,1,982,-3,706,304,497,2,484,,,,,,,,
13,54,0,960,3,403,1,106,95,971,1,0.00970,1,982,-3,706,304,547,2,484,,,,,,,,
13,56,0,958,3,404,1,107,95,849,1,0.00970,1,982,-3,706,304,597,2,484,,,,,,,,
13,58,0,960,3,404,1,110,95,971,1,0.00970,1,982,-3,706,304,698,2,484,,,,,,,,
13,60,0,960,3,404,1,111,95,971,1,0.00970,1,982,-3,706,304,748,2,484,,,,,,,,
13,62,0,960,3,403,1,112,95,971,1,0.00970,1,982,-3,706,304,798,2,484,,,,,,,,
13,64,0,958,3,404,1,115,95,849,1,0.00970,1,982,-3,706,304,898,2,484,,,,,,,,
13,66,0,960,3,405,1,116,95,971,1,0.00970,1,982,-3,706,304,949,2,484,,,,,,,,
13,68,0,960,3,405,1,117,95,971,1,0.00970,1,982,-3,706,304,999,2,484,,,,,,,,
13,70,0,960,3,404,1,118,95,971,1,0.00970,1,982,-3,706,305,49,2,484,,,,,,,,
13,72,0,961,3,405,1,120,96,93,1,0.00970,1,983,-3,706,305,99,2,484,,,,,,,,
13,74,0,960,3,404,1,121,95,971,1,0.00970,1,982,-3,706,305,149,2,485,,,,,,,,
13,76,0,960,3,404,1,123,95,971,1,0.00970,1,982,-3,706,305,250,2,485,,,,,,,,
13,78,0,961,3,404,1,123,96,93,1,0.00970,1,983,-3,706,305,250,2,485,,,,,,,,
13,80,0,960,3,404,1,126,95,971,1,0.00970,1,982,-3,706,305,350,2,485,,,,,,,,
13,82,0,960,3,403,1,126,95,971,1,0.00970,1,982,-3,706,305,350,2,485,,,,,,,,
13,84,0,961,3,404,1,127,96,93,1,0.00970,1,983,-3,706,305,400,2,485,,,,,,,,
13,86,0,961,3,403,1,128,96,93,1,0.00970,1,983,-3,706,305,451,2,485,,,,,,,,
13,88,0,960,3,404,1,131,95,971,1,0.00970,1,982,-3,706,305,551,2,485,,,,,,,,
13,90,0,961,3,404,1,132,96,93,1,0.00970,1,983,-3,706,305,601,2,485,,,,,,,,
13,92,0,961,3,405,1,132,96,93,1,0.00970,1,983,-3,706,305,601,2,485,,,,,,,,
13,94,0,961,3,404,1,133,96,93,1,0.00970,1,983,-3,706,305,651,2,485,,,,,,,,
13,96,0,961,3,404,1,134,96,93,1,0.00970,1,983,-3,706,305,701,2,485,,,,,,,,
13,98,0,961,3,405,1,136,96,93,1,0.00970,1,983,-3,706,305,752,2,485,,,,,,,,
14,0,0,961,3,404,1,136,96,93,1,0.00970,1,983,-3,706,305,752,2,485,,,,,,,,
14,2,0,962,3,405,1,138,96,215,1,0.00970,1,983,-3,706,305,852,2,486,,,,,,,,
14,4,0,961,3,404,1,139,96,93,1,0.00970,1,983,-3,706,305,902,2,486,,,,,,,,
14,6,0,961,3,404,1,139,96,93,1,0.00970,1,983,-3,706,305,902,2,486,,,,,,,,
14,8,0,962,3,404,1,140,96,215,1,0.00970,1,983,-3,706,305,952,2,486,,,,,,,,
14,10,0,961,3,404,1,142,96,93,1,0.00970,1,983,-3,706,306,3,2,486,,,,,,,,
14,12,0,961,3,404,1,143,96,93,1,0.00970,1,983,-3,706,306,53,2,486,,,,,,,,
14,14,0,961,3,404,1,143,96,93,1,0.00970,1,983,-3,706,306,53,2,486,,,,,,,,
14,16,0,962,3,403,1,144,96,215,1,0.00970,1,983,-3,706,306,103,2,486,,,,,,,,
14,18,0,962,3,404,1,145,96,215,1,0.00970,1,983,-3,706,306,153,2,486,,,,,,,,
14,20,0,961,3,405,1,147,96,93,1,0.00970,1,983,-3,706,306,203,2,486,,,,,,,,
14,22,0,962,3,405,1,147,96,215,1,0.00970,1,983,-3,706,306,203,2,486,,,,,,,,
14,24,0,962,3,404,1,147,96,215,1,0.00970,1,983,-3,706,306,203,2,486,,,,,,,,
14,26,0,962,3,404,1,149,96,215,1,0.00970,1,983,-3,706,306,304,2,486,,,,,,,,
14,28,0,962,3,405,1,149,96,215,1,0.00970,1,983,-3,706,306,304,2,486,,,,,,,,
14,30,0,962,3,404,1,150,96,215,1,0.00970,1,983,-3,706,306,354,2,486,,,,,,,,
14,32,0,962,3,404,1,150,96,215,1,0.00970,1,983,-3,706,306,354,2,486,,,,,,,,
14,34,0,962,3,404,1,151,96,215,1,0.00970,1,983,-3,706,306,404,2,486,,,,,,,,
14,36,0,962,3,404,1,151,96,215,1,0.00970,1,983,-3,706,306,404,2,486,,,,,,,,
14,38,0,962,3,403,1,153,96,215,1,0.00970,1,983,-3,706,306,454,2,486,,,,,,,,
14,40,0,962,3,404,1,153,96,215,1,0.00970,1,983,-3,706,306,454,2,486,,,,,,,,
14,42,0,962,3,403,1,154,96,215,1,0.00970,1,983,-3,706,306,505,2,486,,,,,,,,
14,44,0,962,3,405,1,155,96,215,1,0.00970,1,983,-3,706,306,555,2,487,,,,,,,,
14,46,0,962,3,404,1,156,96,215,1,0.00970,1,983,-3,706,306,605,2,487,,,,,,,,
14,48,0,963,3,404,1,155,96,337,1,0.00970,1,984,-3,706,306,555,2,487,,,,,,,,
14,50,0,962,3,404,1,156,96,215,1,0.00970,1,983,-3,706,306,605,2,487,,,,,,,,
14,52,0,962,3,405,1,158,96,215,1,0.00970,1,983,-3,706,306,655,2,487,,,,,,,,
14,54,0,962,3,404,1,159,96,215,1,0.00970,1,983,-3,706,306,705,2,487,,,,,,,,
14,56,0,963,3,405,1,159,96,337,1,0.00970,1,984,-3,706,306,705,2,487,,,,,,,,
14,58,0,963,3,404,1,159,96,337,1,0.00970,1,984,-3,706,306,705,2,487,,,,,,,,
14,60,0,962,3,404,1,160,96,215,1,0.00970,1,983,-3,706,306,756,2,487,,,,,,,,
14,62,0,962,3,404,1,160,96,215,1,0.00970,1,983,-3,706,306,756,2,487,,,,,,,,
14,64,0,962,3,404,1,160,96,215,1,0.00970,1,983,-3,706,306,756,2,487,,,,,,,,
14,66,0,962,3,404,1,161,96,215,1,0.00970,1,983,-3,706,306,806,2,487,,,,,,,,
14,68,0,962,3,404,1,162,96,215,1,0.00970,1,983,-3,706,306,856,2,487,,,,,,,,
14,70,0,963,3,405,1,162,96,337,1,0.00970,1,984,-3,706,306,856,2,487,,,,,,,,
14,72,0,963,3,404,1,162,96,337,1,0.00970,1,984,-3,706,306,856,2,487,,,,,,,,
14,74,0,962,3,405,1,164,96,215,1,0.00970,1,983,-3,706,306,906,2,487,,,,,,,,
14,76,0,963,3,405,1,164,96,337,1,0.00970,1,984,-3,706,306,906,2,487,,,,,,,,
14,78,0,963,3,405,1,165,96,337,1,0.00970,1,984,-3,706,306,956,2,487,,,,,,,,
14,80,0,963,3,404,1,165,96,337,1,0.00970,1,984,-3,706,306,956,2,487,,,,,,,,
14,82,0,962,3,405,1,166,96,215,1,0.00970,1,983,-3,706,307,7,2,487,,,,,,,,
14,84,0,962,3,404,1,166,96,215,1,0.00970,1,983,-3,706,307,7,2,487,,,,,,,,
14,86,0,963,3,404,1,166,96,337,1,0.00970,1,984,-3,706,307,7,2,487,,,,,,,,
14,88,0,963,3,404,1,166,96,337,1,0.00970,1,984,-3,706,307,7,2,487,,,,,,,,
14,90,0,962,3,404,1,167,96,215,1,0.00970,1,983,-3,706,307,57,2,487,,,,,,,,
14,92,0,963,3,404,1,167,96,337,1,0.00970,1,984,-3,706,307,57,2,487,,,,,,,,
14,94,0,963,3,403,1,167,96,337,1,0.00970,1,984,-3,706,307,57,2,487,,,,,,,,
14,96,0,962,3,404,1,168,96,215,1,0.00970,1,983,-3,706,307,107,2,487,,,,,,,,
14,98,0,963,3,405,1,168,96,337,1,0.00970,1,984,-3,706,307,107,2,487,,,,,,,,
15,0,0,962,3,404,1,168,96,215,1,0.00970,1,983,-3,706,307,107,2,487,,,,,,,,
15,2,0,963,3,405,1,170,96,337,1,0.00970,1,984,-3,706,307,157,2,487,,,,,,,,
15,4,0,963,3,404,1,171,96,337,1,0.00970,1,984,-3,706,307,207,2,487,,,,,,,,
15,6,0,963,3,405,1,171,96,337,1,0.00970,1,984,-3,706,307,207,2,487,,,,,,,,
15,8,0,963,3,404,1,171,96,337,1,0.00970,1,984,-3,706,307,207,2,487,,,,,,,,
15,10,0,963,3,404,1,171,96,337,1,0.00970,1,984,-3,706,307,207,2,487,,,,,,,,
15,12,0,962,3,404,1,172,96,215,1,0.00970,1,983,-3,706,307,258,2,488,,,,,,,,
15,14,0,962,3,404,1,172,96,215,1,0.00970,1,983,-3,706,307,258,2,488,,,,,,,,
15,16,0,963,3,404,1,172,96,337,1,0.00970,1,984,-3,706,307,258,2,488,,,,,,,,
15,18,0,963,3,404,1,172,96,337,1,0.00970,1,984,-3,706,307,258,2,488,,,,,,,,
15,20,0,963,3,404,1,173,96,337,1,0.00970,1,984,-3,706,307,308,2,488,,,,,,,,
15,22,0,963,3,404,1,173,96,337,1,0.00970,1,984,-3,706,307,308,2,488,,,,,,,,
15,24,0,963,3,405,1,173,96,337,1,0.00970,1,984,-3,706,307,308,2,488,,,,,,,,
15,26,0,963,3,403,1,173,96,337,1,0.00970,1,984,-3,706,307,308,2,488,,,,,,,,
15,28,0,963,3,404,1,175,96,337,1,0.00970,1,984,-3,706,307,358,2,488,,,,,,,,
15,30,0,963,3,404,1,175,96,337,1,0.00970,1,984,-3,706,307,358,2,488,,,,,,,,
15,32,0,963,3,404,1,175,96,337,1,0.00970,1,984,-3,706,307,358,2,488,,,,,,,,
15,34,0,963,3,405,1,176,96,337,1,0.00970,1,984,-3,706,307,408,2,488,,,,,,,,
15,36,0,963,3,404,1,176,96,337,1,0.00970,1,984,-3,706,307,408,2,488,,,,,,,,
15,38,0,963,3,404,1,176,96,337,1,0.00970,1,984,-3,706,307,408,2,488,,,,,,,,
15,40,0,963,3,404,1,176,96,337,1,0.00970,1,984,-3,706,307,408,2,488,,,,,,,,
15,42,0,963,3,404,1,176,96,337,1,0.00970,1,984,-3,706,307,408,2,488,,,,,,,,
15,44,0,962,3,404,1,177,96,215,1,0.00970,1,983,-3,706,307,458,2,488,,,,,,,,
15,46,0,963,3,404,1,177,96,337,1,0.00970,1,984,-3,706,307,458,2,488,,,,,,,,
15,48,0,965,3,404,1,178,96,459,1,0.00970,1,984,-3,706,307,509,2,488,,,,,,,,
15,50,0,963,3,404,1,177,96,337,1,0.00970,1,984,-3,706,307,458,2,488,,,,,,,,
15,52,0,963,3,404,1,178,96,337,1,0.00970,1,984,-3,706,307,509,2,488,,,,,,,,
15,54,0,963,3,405,1,178,96,337,1,0.00970,1,984,-3,706,307,509,2,488,,,,,,,,
15,56,0,963,3,404,1,178,96,337,1,0.00970,1,984,-3,706,307,509,2,488,,,,,,,,
15,58,0,963,3,404,1,178,96,337,1,0.00970,1,984,-3,706,307,509,2,488,,,,,,,,
15,60,0,963,3,405,1,179,96,337,1,0.00970,1,984,-3,706,307,559,2,488,,,,,,,,
15,62,0,963,3,404,1,178,96,337,1,0.00970,1,984,-3,706,307,509,2,488,,,,,,,,
15,64,0,963,3,404,1,178,96,337,1,0.00970,1,984,-3,706,307,509,2,488,,,,,,,,
15,66,0,963,3,404,1,178,96,337,1,0.00970,1,984,-3,706,307,509,2,488,,,,,,,,
15,68,0,963,3,404,1,179,96,337,1,0.00970,1,984,-3,706,307,559,2,488,,,,,,,,
15,70,0,963,3,404,1,179,96,337,1,0.00970,1,984,-3,706,307,559,2,488,,,,,,,,
15,72,0,963,3,404,1,179,96,337,1,0.00970,1,984,-3,706,307,559,2,488,,,,,,,,
15,74,0,963,3,404,1,181,96,337,1,0.00970,1,984,-3,706,307,609,2,488,,,,,,,,
15,76,0,965,3,404,1,181,96,459,1,0.00970,1,984,-3,706,307,609,2,488,,,,,,,,
15,78,0,963,3,405,1,181,96,337,1,0.00970,1,984,-3,706,307,609,2,488,,,,,,,,
15,80,0,965,3,405,1,181,96,459,1,0.00970,1,984,-3,706,307,609,2,488,,,,,,,,
15,82,0,965,3,404,1,181,96,459,1,0.00970,1,984,-3,706,307,609,2,488,,,,,,,,
15,84,0,965,3,404,1,182,96,459,1,0.00970,1,984,-3,706,307,659,2,488,,,,,,,,
15,86,0,963,3,405,1,182,96,337,1,0.00970,1,984,-3,706,307,659,2,488,,,,,,,,
15,88,0,965,3,404,1,182,96,459,1,0.00970,1,984,-3,706,307,659,2,488,,,,,,,,
15,90,0,965,3,404,1,182,96,459,1,0.00970,1,984,-3,706,307,659,2,488,,,,,,,,
15,92,0,963,3,405,1,182,96,337,1,0.00970,1,984,-3,706,307,659,2,488,,,,,,,,
15,94,0,963,3,404,1,182,96,337,1,0.00970,1,984,-3,706,307,659,2,488,,,,,,,,
15,96,0,963,3,404,1,183,96,337,1,0.00970,1,984,-3,706,307,709,2,488,,,,,,,,
15,98,0,965,3,404,1,183,96,459,1,0.00970,1,984,-3,706,307,709,2,488,,,,,,,,
16,0,0,965,3,404,1,183,96,459,1,0.00970,1,984,-3,706,307,709,2,488,,,,,,,,
16,2,0,963,3,405,1,183,96,337,1,0.00970,1,984,-3,706,307,709,2,488,,,,,,,,
16,4,0,965,3,404,1,184,96,459,1,0.00970,1,984,-3,706,307,759,2,488,,,,,,,,
16,6,0,965,3,404,1,183,96,459,1,0.00970,1,984,-3,706,307,709,2,488,,,,,,,,
16,8,0,963,3,404,1,184,96,337,1,0.00970,1,984,-3,706,307,759,2,488,,,,,,,,
16,10,0,965,3,404,1,184,96,459,1,0.00970,1,984,-3,706,307,759,2,488,,,,,,,,
16,12,0,965,3,404,1,184,96,459,1,0.00970,1,984,-3,706,307,759,2,488,,,,,,,,
16,14,0,965,3,404,1,184,96,459,1,0.00970,1,984,-3,706,307,759,2,488,,,,,,,,
16,16,0,965,3,403,1,184,96,459,1,0.00970,1,984,-3,706,307,759,2,488,,,,,,,,
16,18,0,963,3,404,1,184,96,337,1,0.00970,1,984,-3,706,307,759,2,488,,,,,,,,
16,20,0,965,3,404,1,184,96,459,1,0.00970,1,984,-3,706,307,759,2,488,,,,,,,,
16,22,0,963,3,403,1,184,96,337,1,0.00970,1,984,-3,706,307,759,2,488,,,,,,,,
16,24,0,963,3,403,1,186,96,337,1,0.00970,1,984,-3,706,307,810,2,488,,,,,,,,
16,26,0,963,3,405,1,186,96,337,1,0.00970,1,984,-3,706,307,810,2,488,,,,,,,,
16,28,0,965,3,404,1,186,96,459,1,0.00970,1,984,-3,706,307,810,2,488,,,,,,,,
16,30,0,965,3,404,1,186,96,459,1,0.00970,1,984,-3,706,307,810,2,488,,,,,,,,
16,32,0,965,3,405,1,186,96,459,1,0.00970,1,984,-3,706,307,810,2,488,,,,,,,,
16,34,0,963,3,405,1,187,96,337,1,0.00970,1,984,-3,706,307,860,2,488,,,,,,,,
16,36,0,965,3,405,1,186,96,459,1,0.00970,1,984,-3,706,307,810,2,488,,,,,,,,
16,38,0,965,3,404,1,187,96,459,1,0.00970,1,984,-3,706,307,860,2,488,,,,,,,,
16,40,0,963,3,404,1,187,96,337,1,0.00970,1,984,-3,706,307,860,2,488,,,,,,,,
16,42,0,963,3,404,1,187,96,337,1,0.00970,1,984,-3,706,307,860,2,488,,,,,,,,
16,44,0,963,3,404,1,187,96,337,1,0.00970,1,984,-3,706,307,860,2,488,,,,,,,,
16,46,0,965,3,404,1,187,96,459,1,0.00970,1,984,-3,706,307,860,2,488,,,,,,,,
16,48,0,963,3,404,1,187,96,337,1,0.00970,1,984,-3,706,307,860,2,488,,,,,,,,
16,50,0,963,3,404,1,188,96,337,1,0.00970,1,984,-3,706,307,910,2,488,,,,,,,,
16,52,0,965,3,405,1,187,96,459,1,0.00970,1,984,-3,706,307,860,2,488,,,,,,,,
16,54,0,965,3,404,1,187,96,459,1,0.00970,1,984,-3,706,307,860,2,488,,,,,,,,
16,56,0,965,3,404,1,187,96,459,1,0.00970,1,984,-3,706,307,860,2,488,,,,,,,,
16,58,0,963,3,405,1,188,96,337,1,0.00970,1,984,-3,706,307,910,2,488,,,,,,,,
16,60,0,965,3,404,1,188,96,459,1,0.00970,1,984,-3,706,307,910,2,488,,,,,,,,
16,62,0,965,3,404,1,188,96,459,1,0.00970,1,984,-3,706,307,910,2,488,,,,,,,,
16,64,0,965,3,404,1,188,96,459,1,0.00970,1,984,-3,706,307,910,2,488,,,,,,,,
16,66,0,965,3,404,1,188,96,459,1,0.00970,1,984,-3,706,307,910,2,488,,,,,,,,
16,68,0,965,3,404,1,188,96,459,1,0.00970,1,984,-3,706,307,910,2,488,,,,,,,,
16,70,0,963,3,403,1,188,96,337,1,0.00970,1,984,-3,706,307,910,2,488,,,,,,,,
16,72,0,965,3,404,1,189,96,459,1,0.00970,1,984,-3,706,307,960,2,488,,,,,,,,
16,74,0,965,3,404,1,189,96,459,1,0.00970,1,984,-3,706,307,960,2,488,,,,,,,,
16,76,0,965,3,404,1,189,96,459,1,0.00970,1,984,-3,706,307,960,2,488,,,,,,,,
16,78,0,965,3,404,1,189,96,459,1,0.00970,1,984,-3,706,307,960,2,488,,,,,,,,
16,80,0,963,3,404,1,189,96,337,1,0.00970,1,984,-3,706,307,960,2,488,,,,,,,,
16,82,0,965,3,405,1,189,96,459,1,0.00970,1,984,-3,706,307,960,2,488,,,,,,,,
16,84,0,965,3,404,1,189,96,459,1,0.00970,1,984,-3,706,307,960,2,488,,,,,,,,
16,86,0,965,3,404,1,189,96,459,1,0.00970,1,984,-3,706,307,960,2,488,,,,,,,,
16,88,0,965,3,405,1,189,96,459,1,0.00970,1,984,-3,706,307,960,2,488,,,,,,,,
16,90,0,965,3,404,1,189,96,459,1,0.00970,1,984,-3,706,307,960,2,488,,,,,,,,
16,92,0,965,3,404,1,189,96,459,1,0.00970,1,984,-3,706,307,960,2,488,,,,,,,,
16,94,0,965,3,404,1,190,96,459,1,0.00970,1,984,-3,706,308,10,2,489,,,,,,,,
16,96,0,965,3,404,1,189,96,459,1,0.00970,1,984,-3,706,307,960,2,488,,,,,,,,
16,98,0,965,3,404,1,189,96,459,1,0.00970,1,984,-3,706,307,960,2,488,,,,,,,,
17,0,0,965,3,404,1,189,96,459,1,0.00970,1,984,-3,706,307,960,2,488,,,,,,,,
17,2,0,965,3,404,1,190,96,459,1,0.00970,1,984,-3,706,308,10,2,489,,,,,,,,
17,4,0,965,3,405,1,190,96,459,1,0.00970,1,984,-3,706,308,10,2,489,,,,,,,,
17,6,0,965,3,404,1,190,96,459,1,0.00970,1,984,-3,706,308,10,2,489,,,,,,,,
17,8,0,963,3,404,1,190,96,337,1,0.00970,1,984,-3,706,308,10,2,489,,,,,,,,
17,10,0,965,3,405,1,190,96,459,1,0.00970,1,984,-3,706,308,10,2,489,,,,,,,,
17,12,0,965,3,405,1,190,96,459,1,0.00970,1,984,-3,706,308,10,2,489,,,,,,,,
17,14,0,965,3,404,1,190,96,459,1,0.00970,1,984,-3,706,308,10,2,489,,,,,,,,
17,16,0,965,3,404,1,190,96,459,1,0.00970,1,984,-3,706,308,10,2,489,,,,,,,,
17,18,0,963,3,404,1,192,96,337,1,0.00970,1,984,-3,706,308,61,2,489,,,,,,,,
17,20,0,965,3,404,1,190,96,459,1,0.00970,1,984,-3,706,308,10,2,489,,,,,,,,
17,22,0,965,3,404,1,190,96,459,1,0.00970,1,984,-3,706,308,10,2,489,,,,,,,,
17,24,0,965,3,403,1,190,96,459,1,0.00970,1,984,-3,706,308,10,2,489,,,,,,,,
17,26,0,965,3,405,1,192,96,459,1,0.00970,1,984,-3,706,308,61,2,489,,,,,,,,
17,28,0,965,3,404,1,190,96,459,1,0.00970,1,984,-3,706,308,10,2,489,,,,,,,,
17,30,0,965,3,404,1,190,96,459,1,0.00970,1,984,-3,706,308,10,2,489,,,,,,,,
17,32,0,965,3,404,1,192,96,459,1,0.00970,1,984,-3,706,308,61,2,489,,,,,,,,
17,34,0,965,3,405,1,192,96,459,1,0.00970,1,984,-3,706,308,61,2,489,,,,,,,,
17,36,0,965,3,404,1,192,96,459,1,0.00970,1,984,-3,706,308,61,2,489,,,,,,,,
17,38,0,965,3,404,1,192,96,459,1,0.00970,1,984,-3,706,308,61,2,489,,,,,,,,
17,40,0,965,3,404,1,192,96,459,1,0.00970,1,984,-3,706,308,61,2,489,,,,,,,,
17,42,0,965,3,405,1,192,96,459,1,0.00970,1,984,-3,706,308,61,2,489,,,,,,,,
17,44,0,965,3,404,1,190,96,459,1,0.00970,1,984,-3,706,308,10,2,489,,,,,,,,
17,46,0,965,3,404,1,192,96,459,1,0.00970,1,984,-3,706,308,61,2,489,,,,,,,,
17,48,0,963,3,403,1,192,96,337,1,0.00970,1,984,-3,706,308,61,2,489,,,,,,,,
17,50,0,965,3,404,1,192,96,459,1,0.00970,1,984,-3,706,308,61,2,489,,,,,,,,
17,52,0,965,3,404,1,192,96,459,1,0.00970,1,984,-3,706,308,61,2,489,,,,,,,,
17,54,0,965,3,404,1,192,96,459,1,0.00970,1,984,-3,706,308,61,2,489,,,,,,,,
17,56,0,965,3,405,1,192,96,459,1,0.00970,1,984,-3,706,308,61,2,489,,,,,,,,
17,58,0,965,3,404,1,192,96,459,1,0.00970,1,984,-3,706,308,61,2,489,,,,,,,,
17,60,0,965,3,404,1,192,96,459,1,0.00970,1,984,-3,706,308,61,2,489,,,,,,,,
17,62,0,965,3,405,1,193,96,459,1,0.00970,1,984,-3,706,308,111,2,489,,,,,,,,
17,64,0,963,3,405,1,193,96,337,1,0.00970,1,984,-3,706,308,111,2,489,,,,,,,,
17,66,0,965,3,405,1,193,96,459,1,0.00970,1,984,-3,706,308,111,2,489,,,,,,,,
17,68,0,965,3,405,1,193,96,459,1,0.00970,1,984,-3,706,308,111,2,489,,,,,,,,
17,70,0,965,3,404,1,193,96,459,1,0.00970,1,984,-3,706,308,111,2,489,,,,,,,,
17,72,0,965,3,404,1,193,96,459,1,0.00970,1,984,-3,706,308,111,2,489,,,,,,,,
17,74,0,965,3,404,1,192,96,459,1,0.00970,1,984,-3,706,308,61,2,489,,,,,,,,
17,76,0,965,3,403,1,193,96,459,1,0.00970,1,984,-3,706,308,111,2,489,,,,,,,,
17,78,0,963,3,404,1,193,96,337,1,0.00970,1,984,-3,706,308,111,2,489,,,,,,,,
17,80,0,965,3,404,1,193,96,459,1,0.00970,1,984,-3,706,308,111,2,489,,,,,,,,
17,82,0,965,3,404,1,193,96,459,1,0.00970,1,984,-3,706,308,111,2,489,,,,,,,,
17,84,0,965,3,404,1,193,96,459,1,0.00970,1,984,-3,706,308,111,2,489,,,,,,,,
17,86,0,965,3,405,1,194,96,459,1,0.00970,1,984,-3,706,308,161,2,489,,,,,,,,
17,88,0,965,3,405,1,193,96,459,1,0.00970,1,984,-3,706,308,111,2,489,,,,,,,,
17,90,0,965,3,404,1,193,96,459,1,0.00970,1,984,-3,706,308,111,2,489,,,,,,,,
17,92,0,965,3,404,1,194,96,459,1,0.00970,1,984,-3,706,308,161,2,489,,,,,,,,
17,94,0,965,3,405,1,193,96,459,1,0.00970,1,984,-3,706,308,111,2,489,,,,,,,,
17,96,0,965,3,404,1,193,96,459,1,0.00970,1,984,-3,706,308,111,2,489,,,,,,,,
17,98,0,965,3,403,1,193,96,459,1,0.00970,1,984,-3,706,308,111,2,489,,,,,,,,
18,0,0,965,3,404,1,193,96,459,1,0.00970,1,984,-3,706,308,111,2,489,,,,,,,,
18,2,0,965,3,404,1,194,96,459,1,0.00970,1,984,-3,706,308,161,2,489,,,,,,,,
18,4,0,965,3,404,1,194,96,459,1,0.00970,1,984,-3,706,308,161,2,489,,,,,,,,
18,6,0,965,3,404,1,194,96,459,1,0.00970,1,984,-3,706,308,161,2,489,,,,,,,,
18,8,0,965,3,405,1,194,96,459,1,0.00970,1,984,-3,706,308,161,2,489,,,,,,,,
18,10,0,965,3,405,1,194,96,459,1,0.00970,1,984,-3,706,308,161,2,489,,,,,,,,
18,12,0,965,3,404,1,194,96,459,1,0.00970,1,984,-3,706,308,161,2,489,,,,,,,,
18,14,0,965,3,404,1,194,96,459,1,0.00970,1,984,-3,706,308,161,2,489,,,,,,,,
18,16,0,965,3,405,1,194,96,459,1,0.00970,1,984,-3,706,308,161,2,489,,,,,,,,
18,18,0,965,3,405,1,194,96,459,1,0.00970,1,984,-3,706,308,161,2,489,,,,,,,,
18,20,0,965,3,405,1,194,96,459,1,0.00970,1,984,-3,706,308,161,2,489,,,,,,,,
18,22,0,965,3,404,1,194,96,459,1,0.00970,1,984,-3,706,308,161,2,489,,,,,,,,
18,24,0,965,3,403,1,194,96,459,1,0.00970,1,984,-3,706,308,161,2,489,,,,,,,,
18,26,0,965,3,404,1,194,96,459,1,0.00970,1,984,-3,706,308,161,2,489,,,,,,,,
18,28,0,965,3,404,1,194,96,459,1,0.00970,1,984,-3,706,308,161,2,489,,,,,,,,
18,30,0,965,3,404,1,194,96,459,1,0.00970,1,984,-3,706,308,161,2,489,,,,,,,,
18,32,0,963,3,404,1,194,96,337,1,0.00970,1,984,-3,706,308,161,2,489,,,,,,,,
18,34,0,965,3,405,1,194,96,459,1,0.00970,1,984,-3,706,308,161,2,489,,,,,,,,
18,36,0,965,3,404,1,194,96,459,1,0.00970,1,984,-3,706,308,161,2,489,,,,,,,,
18,38,0,965,3,404,1,194,96,459,1,0.00970,1,984,-3,706,308,161,2,489,,,,,,,,
18,40,0,965,3,405,1,195,96,459,1,0.00970,1,984,-3,706,308,211,2,489,,,,,,,,
18,42,0,965,3,405,1,194,96,459,1,0.00970,1,984,-3,706,308,161,2,489,,,,,,,,
18,44,0,965,3,404,1,194,96,459,1,0.00970,1,984,-3,706,308,161,2,489,,,,,,,,
18,46,0,965,3,404,1,194,96,459,1,0.00970,1,984,-3,706,308,161,2,489,,,,,,,,
18,48,0,965,3,404,1,195,96,459,1,0.00970,1,984,-3,706,308,211,2,489,,,,,,,,
18,50,0,965,3,404,1,194,96,459,1,0.00970,1,984,-3,706,308,161,2,489,,,,,,,,
18,52,0,965,3,404,1,195,96,459,1,0.00970,1,984,-3,706,308,211,2,489,,,,,,,,
18,54,0,965,3,405,1,195,96,459,1,0.00970,1,984,-3,706,308,211,2,489,,,,,,,,
18,56,0,965,3,404,1,194,96,459,1,0.00970,1,984,-3,706,308,161,2,489,,,,,,,,
18,58,0,965,3,404,1,195,96,459,1,0.00970,1,984,-3,706,308,211,2,489,,,,,,,,
18,60,0,965,3,404,1,195,96,459,1,0.00970,1,984,-3,706,308,211,2,489,,,,,,,,
18,62,0,965,3,405,1,195,96,459,1,0.00970,1,984,-3,706,308,211,2,489,,,,,,,,
18,64,0,965,3,404,1,194,96,459,1,0.00970,1,984,-3,706,308,161,2,489,,,,,,,,
18,66,0,965,3,405,1,195,96,459,1,0.00970,1,984,-3,706,308,211,2,489,,,,,,,,
18,68,0,965,3,405,1,195,96,459,1,0.00970,1,984,-3,706,308,211,2,489,,,,,,,,
18,70,0,965,3,404,1,195,96,459,1,0.00970,1,984,-3,706,308,211,2,489,,,,,,,,
18,72,0,965,3,404,1,195,96,459,1,0.00970,1,984,-3,706,308,211,2,489,,,,,,,,
18,74,0,965,3,403,1,195,96,459,1,0.00970,1,984,-3,706,308,211,2,489,,,,,,,,
18,76,0,965,3,404,1,195,96,459,1,0.00970,1,984,-3,706,308,211,2,489,,,,,,,,
18,78,0,965,3,404,1,195,96,459,1,0.00970,1,984,-3,706,308,211,2,489,,,,,,,,
18,80,0,965,3,404,1,195,96,459,1,0.00970,1,984,-3,706,308,211,2,489,,,,,,,,
18,82,0,965,3,405,1,197,96,459,1,0.00970,1,984,-3,706,308,261,2,489,,,,,,,,
18,84,0,965,3,404,1,195,96,459,1,0.00970,1,984,-3,706,308,211,2,489,,,,,,,,
18,86,0,965,3,404,1,195,96,459,1,0.00970,1,984,-3,706,308,211,2,489,,,,,,,,
18,88,0,965,3,405,1,195,96,459,1,0.00970,1,984,-3,706,308,211,2,489,,,,,,,,
18,90,0,965,3,405,1,197,96,459,1,0.00970,1,984,-3,706,308,261,2,489,,,,,,,,
18,92,0,965,3,404,1,195,96,459,1,0.00970,1,984,-3,706,308,211,2,489,,,,,,,,
18,94,0,965,3,404,1,195,96,459,1,0.00970,1,984,-3,706,308,211,2,489,,,,,,,,
18,96,0,965,3,405,1,197,96,459,1,0.00970,1,984,-3,706,308,261,2,489,,,,,,,,
18,98,0,965,3,405,1,195,96,459,1,0.00970,1,984,-3,706,308,211,2,489,,,,,,,,
19,0,0,965,3,404,1,195,96,459,1,0.00970,1,984,-3,706,308,211,2,489,,,,,,,,
19,2,0,965,3,404,1,195,96,459,1,0.00970,1,984,-3,706,308,211,2,489,,,,,,,,
19,4,0,965,3,404,1,197,96,459,1,0.00970,1,984,-3,706,308,261,2,489,,,,,,,,
19,6,0,965,3,404,1,195,96,459,1,0.00970,1,984,-3,706,308,211,2,489,,,,,,,,
19,8,0,965,3,404,1,195,96,459,1,0.00970,1,984,-3,706,308,211,2,489,,,,,,,,
19,10,0,965,3,404,1,195,96,459,1,0.00970,1,984,-3,706,308,211,2,489,,,,,,,,
19,12,0,965,3,405,1,197,96,459,1,0.00970,1,984,-3,706,308,261,2,489,,,,,,,,
19,14,0,965,3,405,1,197,96,459,1,0.00970,1,984,-3,706,308,261,2,489,,,,,,,,
19,16,0,965,3,404,1,197,96,459,1,0.00970,1,984,-3,706,308,261,2,489,,,,,,,,
19,18,0,965,3,404,1,197,96,459,1,0.00970,1,984,-3,706,308,261,2,489,,,,,,,,
19,20,0,965,3,405,1,197,96,459,1,0.00970,1,984,-3,706,308,261,2,489,,,,,,,,
19,22,0,965,3,404,1,195,96,459,1,0.00970,1,984,-3,706,308,211,2,489,,,,,,,,
19,24,0,965,3,404,1,197,96,459,1,0.00970,1,984,-3,706,308,261,2,489,,,,,,,,
19,26,0,965,3,404,1,197,96,459,1,0.00970,1,984,-3,706,308,261,2,489,,,,,,,,
19,28,0,965,3,404,1,197,96,459,1,0.00970,1,984,-3,706,308,261,2,489,,,,,,,,
19,30,0,965,3,404,1,197,96,459,1,0.00970,1,984,-3,706,308,261,2,489,,,,,,,,
19,32,0,965,3,404,1,197,96,459,1,0.00970,1,984,-3,706,308,261,2,489,,,,,,,,
19,34,0,965,3,404,1,197,96,459,1,0.00970,1,984,-3,706,308,261,2,489,,,,,,,,
19,36,0,965,3,404,1,197,96,459,1,0.00970,1,984,-3,706,308,261,2,489,,,,,,,,
19,38,0,965,3,404,1,197,96,459,1,0.00970,1,984,-3,706,308,261,2,489,,,,,,,,
19,40,0,965,3,404,1,197,96,459,1,0.00970,1,984,-3,706,308,261,2,489,,,,,,,,
19,42,0,965,3,404,1,197,96,459,1,0.00970,1,984,-3,706,308,261,2,489,,,,,,,,
19,44,0,965,3,405,1,197,96,459,1,0.00970,1,984,-3,706,308,261,2,489,,,,,,,,
19,46,0,965,3,404,1,197,96,459,1,0.00970,1,984,-3,706,308,261,2,489,,,,,,,,
19,48,0,965,3,404,1,197,96,459,1,0.00970,1,984,-3,706,308,261,2,489,,,,,,,,
19,50,0,965,3,404,1,197,96,459,1,0.00970,1,984,-3,706,308,261,2,489,,,,,,,,
19,52,0,965,3,404,1,197,96,459,1,0.00970,1,984,-3,706,308,261,2,489,,,,,,,,
19,54,0,965,3,403,1,197,96,459,1,0.00970,1,984,-3,706,308,261,2,489,,,,,,,,
19,56,0,965,3,403,1,197,96,459,1,0.00970,1,984,-3,706,308,261,2,489,,,,,,,,
19,58,0,965,3,403,1,197,96,459,1,0.00970,1,984,-3,706,308,261,2,489,,,,,,,,
19,60,0,965,3,404,1,197,96,459,1,0.00970,1,984,-3,706,308,261,2,489,,,,,,,,
19,62,0,965,3,404,1,197,96,459,1,0.00970,1,984,-3,706,308,261,2,489,,,,,,,,
19,64,0,965,3,404,1,197,96,459,1,0.00970,1,984,-3,706,308,261,2,489,,,,,,,,
19,66,0,965,3,405,1,198,96,459,1,0.00970,1,984,-3,706,308,312,2,489,,,,,,,,
19,68,0,965,3,404,1,198,96,459,1,0.00970,1,984,-3,706,308,312,2,489,,,,,,,,
19,70,0,965,3,405,1,197,96,459,1,0.00970,1,984,-3,706,308,261,2,489,,,,,,,,
19,72,0,965,3,404,1,197,96,459,1,0.00970,1,984,-3,706,308,261,2,489,,,,,,,,
19,74,0,965,3,405,1,198,96,459,1,0.00970,1,984,-3,706,308,312,2,489,,,,,,,,
19,76,0,965,3,404,1,197,96,459,1,0.00970,1,984,-3,706,308,261,2,489,,,,,,,,
19,78,0,965,3,403,1,197,96,459,1,0.00970,1,984,-3,706,308,261,2,489,,,,,,,,
19,80,0,963,3,404,1,198,96,337,1,0.00970,1,984,-3,706,308,312,2,489,,,,,,,,
19,82,0,965,3,404,1,197,96,459,1,0.00970,1,984,-3,706,308,261,2,489,,,,,,,,
19,84,0,965,3,404,1,197,96,459,1,0.00970,1,984,-3,706,308,261,2,489,,,,,,,,
19,86,0,965,3,404,1,197,96,459,1,0.00970,1,984,-3,706,308,261,2,489,,,,,,,,
19,88,0,965,3,404,1,197,96,459,1,0.00970,1,984,-3,706,308,261,2,489,,,,,,,,
19,90,0,965,3,404,1,198,96,459,1,0.00970,1,984,-3,706,308,312,2,489,,,,,,,,
19,92,0,965,3,404,1,198,96,459,1,0.00970,1,984,-3,706,308,312,2,489,,,,,,,,
19,94,0,965,3,404,1,198,96,459,1,0.00970,1,984,-3,706,308,312,2,489,,,,,,,,
19,96,0,965,3,405,1,198,96,459,1,0.00970,1,984,-3,706,308,312,2,489,,,,,,,,
19,98,0,966,3,405,1,197,96,581,1,0.00970,1,985,-3,706,308,261,2,489,,,,,,,,
20,0,0,965,3,405,1,198,96,459,1,0.00970,1,984,-3,706,308,312,2,489,,,,,,,,