Time,Voltage P,Voltage V,Voltage T,P,V,log P,logV,T,logT,Time,Voltage P,Voltage V,Voltage T,P,V,log P,logV,T,logT
0,0,0,956,3,394,1,177,95,604,1,0.0096000,1,980,-3,707,307,458,2,488
0,2,0,956,3,394,1,177,95,604,1,0.0096000,1,980,-3,707,307,458,2,488
0,4,0,956,3,393,1,177,95,604,1,0.0096000,1,980,-3,707,307,458,2,488
0,6,0,956,3,393,1,178,95,604,1,0.0096000,1,980,-3,707,307,509,2,488
0,8,0,956,3,393,1,177,95,604,1,0.0096000,1,980,-3,707,307,458,2,488
0,10,0,956,3,392,1,178,95,604,1,0.0096000,1,980,-3,707,307,509,2,488
0,12,0,957,3,387,1,178,95,726,1,0.0096000,1,981,-3,707,307,509,2,488
0,14,0,961,3,370,1,182,96,93,1,0.0096000,1,983,-3,708,307,659,2,488
0,16,0,968,3,342,1,189,96,825,1,0.0095000,1,986,-3,710,307,960,2,488
0,18,0,974,3,313,1,201,97,436,1,0.0094000,1,989,-3,713,308,462,2,489
0,20,0,979,3,291,1,211,97,924,1,0.0093000,1,991,-3,714,308,864,2,490
0,22,0,980,3,286,1,219,98,46,1,0.0093000,1,991,-3,715,309,165,2,490
0,24,0,980,3,286,1,221,98,46,1,0.0093000,1,991,-3,715,309,265,2,490
0,26,0,980,3,286,1,223,98,46,1,0.0093000,1,991,-3,715,309,366,2,490
0,28,0,979,3,284,1,223,97,924,1,0.0093000,1,991,-3,715,309,366,2,490
0,30,0,979,3,284,1,223,97,924,1,0.0093000,1,991,-3,715,309,366,2,490
0,32,0,979,3,284,1,223,97,924,1,0.0093000,1,991,-3,715,309,366,2,490
0,34,0,979,3,284,1,223,97,924,1,0.0093000,1,991,-3,715,309,366,2,490
0,36,0,980,3,281,1,223,98,46,1,0.0093000,1,991,-3,715,309,366,2,490
0,38,0,984,3,263,1,226,98,413,1,0.0092000,1,993,-3,716,309,466,2,491
0,40,0,990,3,237,1,234,99,23,1,0.0091000,1,996,-3,718,309,818,2,491
0,42,0,995,3,217,1,242,99,512,1,0.0091000,1,998,-3,720,310,119,2,492
0,44,0,996,3,212,1,248,99,634,1,0.0091000,1,998,-3,720,310,370,2,492
0,46,0,996,3,212,1,250,99,634,1,0.0091000,1,998,-3,720,310,470,2,492
0,48,0,995,3,212,1,252,99,512,1,0.0091000,1,998,-3,720,310,520,2,492
0,50,0,996,3,212,1,252,99,634,1,0.0091000,1,998,-3,720,310,520,2,492
0,52,0,994,3,212,1,252,99,389,1,0.0091000,1,997,-3,720,310,520,2,492
0,54,0,995,3,211,1,250,99,512,1,0.0091000,1,998,-3,720,310,470,2,492
0,56,0,995,3,211,1,250,99,512,1,0.0091000,1,998,-3,720,310,470,2,492
0,58,0,994,3,211,1,250,99,389,1,0.0091000,1,997,-3,720,310,470,2,492
0,60,0,995,3,211,1,249,99,512,1,0.0091000,1,998,-3,720,310,420,2,492
0,62,0,994,3,211,1,248,99,389,1,0.0091000,1,997,-3,720,310,370,2,492
0,64,0,994,3,211,1,248,99,389,1,0.0091000,1,997,-3,720,310,370,2,492
0,66,0,994,3,212,1,248,99,389,1,0.0091000,1,997,-3,720,310,370,2,492
0,68,0,995,3,212,1,248,99,512,1,0.0091000,1,998,-3,720,310,370,2,492
0,70,0,994,3,212,1,247,99,389,1,0.0091000,1,997,-3,720,310,319,2,492
0,72,0,994,3,212,1,245,99,389,1,0.0091000,1,997,-3,720,310,269,2,492
0,74,0,994,3,212,1,245,99,389,1,0.0091000,1,997,-3,720,310,269,2,492
0,76,0,994,3,212,1,245,99,389,1,0.0091000,1,997,-3,720,310,269,2,492
0,78,0,994,3,212,1,245,99,389,1,0.0091000,1,997,-3,720,310,269,2,492
0,80,0,994,3,211,1,244,99,389,1,0.0091000,1,997,-3,720,310,219,2,492
0,82,0,994,3,211,1,244,99,389,1,0.0091000,1,997,-3,720,310,219,2,492
0,84,0,994,3,210,1,243,99,389,1,0.0091000,1,997,-3,720,310,169,2,492
0,86,0,993,3,210,1,243,99,267,1,0.0091000,1,997,-3,720,310,169,2,492
0,88,0,994,3,210,1,242,99,389,1,0.0091000,1,997,-3,720,310,119,2,492
0,90,0,993,3,211,1,242,99,267,1,0.0091000,1,997,-3,720,310,119,2,492
0,92,0,994,3,210,1,242,99,389,1,0.0091000,1,997,-3,720,310,119,2,492
0,94,0,994,3,211,1,242,99,389,1,0.0091000,1,997,-3,720,310,119,2,492
0,96,0,993,3,211,1,241,99,267,1,0.0091000,1,997,-3,720,310,68,2,491
0,98,0,994,3,211,1,241,99,389,1,0.0091000,1,997,-3,720,310,68,2,491
1,0,0,994,3,211,1,241,99,389,1,0.0091000,1,997,-3,720,310,68,2,491
1,2,0,994,3,211,1,239,99,389,1,0.0091000,1,997,-3,720,310,18,2,491
1,4,0,993,3,210,1,239,99,267,1,0.0091000,1,997,-3,720,310,18,2,491
1,6,0,993,3,210,1,238,99,267,1,0.0091000,1,997,-3,720,309,968,2,491
1,8,0,993,3,210,1,239,99,267,1,0.0091000,1,997,-3,720,310,18,2,491
1,10,0,993,3,210,1,238,99,267,1,0.0091000,1,997,-3,720,309,968,2,491
1,12,0,993,3,206,1,239,99,267,1,0.0090000,1,997,-3,720,310,18,2,491
1,14,0,999,3,186,1,242,99,878,1,0.0090000,1,999,-3,722,310,119,2,492
1,16,1,6,3,154,1,250,100,611,1,0.0089000,2,3,-3,724,310,470,2,492
1,18,1,12,3,129,1,261,101,221,1,0.0088000,2,5,-3,726,310,922,2,493
1,20,1,13,3,123,1,269,101,343,1,0.0088000,2,6,-3,727,311,223,2,493
1,22,1,13,3,123,1,271,101,343,1,0.0088000,2,6,-3,727,311,323,2,493
1,24,1,12,3,123,1,272,101,221,1,0.0088000,2,5,-3,727,311,374,2,493
1,26,1,13,3,125,1,272,101,343,1,0.0088000,2,6,-3,726,311,374,2,493
1,28,1,12,3,123,1,272,101,221,1,0.0088000,2,5,-3,727,311,374,2,493
1,30,1,12,3,123,1,271,101,221,1,0.0088000,2,5,-3,727,311,323,2,493
1,32,1,12,3,123,1,271,101,221,1,0.0088000,2,5,-3,727,311,323,2,493
1,34,1,12,3,123,1,270,101,221,1,0.0088000,2,5,-3,727,311,273,2,493
1,36,1,11,3,123,1,270,101,99,1,0.0088000,2,5,-3,727,311,273,2,493
1,38,1,11,3,123,1,269,101,99,1,0.0088000,2,5,-3,727,311,223,2,493
1,40,1,11,3,123,1,269,101,99,1,0.0088000,2,5,-3,727,311,223,2,493
1,42,1,11,3,123,1,266,101,99,1,0.0088000,2,5,-3,727,311,123,2,493
1,44,1,11,3,125,1,267,101,99,1,0.0088000,2,5,-3,726,311,173,2,493
1,46,1,11,3,123,1,266,101,99,1,0.0088000,2,5,-3,727,311,123,2,493
1,48,1,11,3,125,1,266,101,99,1,0.0088000,2,5,-3,726,311,123,2,493
1,50,1,11,3,123,1,265,101,99,1,0.0088000,2,5,-3,727,311,72,2,493
1,52,1,11,3,125,1,264,101,99,1,0.0088000,2,5,-3,726,311,22,2,493
1,54,1,11,3,123,1,264,101,99,1,0.0088000,2,5,-3,727,311,22,2,493
1,56,1,11,3,123,1,264,101,99,1,0.0088000,2,5,-3,727,311,22,2,493
1,58,1,10,3,123,1,263,100,977,1,0.0088000,2,4,-3,727,310,972,2,493
1,60,1,10,3,123,1,261,100,977,1,0.0088000,2,4,-3,727,310,922,2,493
1,62,1,10,3,123,1,261,100,977,1,0.0088000,2,4,-3,727,310,922,2,493
1,64,1,11,3,123,1,260,101,99,1,0.0088000,2,5,-3,727,310,872,2,493
1,66,1,10,3,123,1,260,100,977,1,0.0088000,2,4,-3,727,310,872,2,493
1,68,1,10,3,123,1,259,100,977,1,0.0088000,2,4,-3,727,310,821,2,493
1,70,1,10,3,123,1,259,100,977,1,0.0088000,2,4,-3,727,310,821,2,493
1,72,1,10,3,123,1,258,100,977,1,0.0088000,2,4,-3,727,310,771,2,492
1,74,1,10,3,125,1,258,100,977,1,0.0088000,2,4,-3,726,310,771,2,492
1,76,1,10,3,123,1,256,100,977,1,0.0088000,2,4,-3,727,310,721,2,492
1,78,1,10,3,123,1,256,100,977,1,0.0088000,2,4,-3,727,310,721,2,492
1,80,1,10,3,123,1,255,100,977,1,0.0088000,2,4,-3,727,310,671,2,492
1,82,1,9,3,123,1,255,100,855,1,0.0088000,2,4,-3,727,310,671,2,492
1,84,1,9,3,123,1,254,100,855,1,0.0088000,2,4,-3,727,310,621,2,492
1,86,1,9,3,123,1,254,100,855,1,0.0088000,2,4,-3,727,310,621,2,492
1,88,1,9,3,122,1,253,100,855,1,0.0088000,2,4,-3,727,310,570,2,492
1,90,1,9,3,123,1,253,100,855,1,0.0088000,2,4,-3,727,310,570,2,492
1,92,1,9,3,122,1,252,100,855,1,0.0088000,2,4,-3,727,310,520,2,492
1,94,1,9,3,123,1,252,100,855,1,0.0088000,2,4,-3,727,310,520,2,492
1,96,1,10,3,123,1,252,100,977,1,0.0088000,2,4,-3,727,310,520,2,492
1,98,1,9,3,123,1,250,100,855,1,0.0088000,2,4,-3,727,310,470,2,492
2,0,1,9,3,123,1,250,100,855,1,0.0088000,2,4,-3,727,310,470,2,492
2,2,1,9,3,123,1,250,100,855,1,0.0088000,2,4,-3,727,310,470,2,492
2,4,1,9,3,123,1,248,100,855,1,0.0088000,2,4,-3,727,310,370,2,492
2,6,1,9,3,123,1,248,100,855,1,0.0088000,2,4,-3,727,310,370,2,492
2,8,1,9,3,123,1,248,100,855,1,0.0088000,2,4,-3,727,310,370,2,492
2,10,1,9,3,123,1,247,100,855,1,0.0088000,2,4,-3,727,310,319,2,492
2,12,1,9,3,123,1,247,100,855,1,0.0088000,2,4,-3,727,310,319,2,492
2,14,1,9,3,123,1,245,100,855,1,0.0088000,2,4,-3,727,310,269,2,492
2,16,1,9,3,122,1,244,100,855,1,0.0088000,2,4,-3,727,310,219,2,492
2,18,1,7,3,123,1,243,100,733,1,0.0088000,2,3,-3,727,310,169,2,492
2,20,1,7,3,123,1,244,100,733,1,0.0088000,2,3,-3,727,310,219,2,492
2,22,1,9,3,123,1,243,100,855,1,0.0088000,2,4,-3,727,310,169,2,492
2,24,1,9,3,123,1,243,100,855,1,0.0088000,2,4,-3,727,310,169,2,492
2,26,1,9,3,123,1,242,100,855,1,0.0088000,2,4,-3,727,310,119,2,492
2,28,1,7,3,123,1,242,100,733,1,0.0088000,2,3,-3,727,310,119,2,492
2,30,1,9,3,122,1,241,100,855,1,0.0088000,2,4,-3,727,310,68,2,491
2,32,1,9,3,123,1,241,100,855,1,0.0088000,2,4,-3,727,310,68,2,491
2,34,1,9,3,123,1,239,100,855,1,0.0088000,2,4,-3,727,310,18,2,491
2,36,1,7,3,123,1,238,100,733,1,0.0088000,2,3,-3,727,309,968,2,491
2,38,1,7,3,122,1,237,100,733,1,0.0088000,2,3,-3,727,309,918,2,491
2,40,1,7,3,122,1,238,100,733,1,0.0088000,2,3,-3,727,309,968,2,491
2,42,1,7,3,123,1,237,100,733,1,0.0088000,2,3,-3,727,309,918,2,491
2,44,1,7,3,122,1,236,100,733,1,0.0088000,2,3,-3,727,309,868,2,491
2,46,1,7,3,122,1,236,100,733,1,0.0088000,2,3,-3,727,309,868,2,491
2,48,1,7,3,123,1,236,100,733,1,0.0088000,2,3,-3,727,309,868,2,491
2,50,1,7,3,123,1,234,100,733,1,0.0088000,2,3,-3,727,309,818,2,491
2,52,1,7,3,123,1,234,100,733,1,0.0088000,2,3,-3,727,309,818,2,491
2,54,1,7,3,123,1,233,100,733,1,0.0088000,2,3,-3,727,309,767,2,491
2,56,1,7,3,122,1,233,100,733,1,0.0088000,2,3,-3,727,309,767,2,491
2,58,1,7,3,122,1,232,100,733,1,0.0088000,2,3,-3,727,309,717,2,491
2,60,1,9,3,122,1,232,100,855,1,0.0088000,2,4,-3,727,309,717,2,491
2,62,1,9,3,114,1,233,100,855,1,0.0087000,2,4,-3,727,309,767,2,491
2,64,1,15,3,92,1,237,101,465,1,0.0087000,2,6,-3,729,309,918,2,491
2,66,1,22,3,62,1,247,102,198,1,0.0086000,2,9,-3,731,310,319,2,492
2,68,1,27,3,42,1,255,102,686,1,0.0085000,2,12,-3,733,310,671,2,492
2,70,1,27,3,39,1,261,102,686,1,0.0085000,2,12,-3,733,310,922,2,493
2,72,1,27,3,39,1,264,102,686,1,0.0085000,2,12,-3,733,311,22,2,493
2,74,1,27,3,39,1,265,102,686,1,0.0085000,2,12,-3,733,311,72,2,493
2,76,1,27,3,40,1,265,102,686,1,0.0085000,2,12,-3,733,311,72,2,493
2,78,1,27,3,40,1,264,102,686,1,0.0085000,2,12,-3,733,311,22,2,493
2,80,1,27,3,39,1,264,102,686,1,0.0085000,2,12,-3,733,311,22,2,493
2,82,1,27,3,39,1,263,102,686,1,0.0085000,2,12,-3,733,310,972,2,493
2,84,1,26,3,39,1,263,102,564,1,0.0085000,2,11,-3,733,310,972,2,493
2,86,1,27,3,39,1,261,102,686,1,0.0085000,2,12,-3,733,310,922,2,493
2,88,1,26,3,39,1,260,102,564,1,0.0085000,2,11,-3,733,310,872,2,493
2,90,1,26,3,38,1,259,102,564,1,0.0085000,2,11,-3,733,310,821,2,493
2,92,1,26,3,39,1,259,102,564,1,0.0085000,2,11,-3,733,310,821,2,493
2,94,1,26,3,38,1,258,102,564,1,0.0085000,2,11,-3,733,310,771,2,492
2,96,1,26,3,39,1,256,102,564,1,0.0085000,2,11,-3,733,310,721,2,492
2,98,1,26,3,38,1,256,102,564,1,0.0085000,2,11,-3,733,310,721,2,492
3,0,1,26,3,39,1,255,102,564,1,0.0085000,2,11,-3,733,310,671,2,492
3,2,1,26,3,39,1,255,102,564,1,0.0085000,2,11,-3,733,310,671,2,492
3,4,1,26,3,39,1,254,102,564,1,0.0085000,2,11,-3,733,310,621,2,492
3,6,1,26,3,39,1,254,102,564,1,0.0085000,2,11,-3,733,310,621,2,492
3,8,1,26,3,39,1,253,102,564,1,0.0085000,2,11,-3,733,310,570,2,492
3,10,1,24,3,39,1,253,102,442,1,0.0085000,2,10,-3,733,310,570,2,492
3,12,1,26,3,39,1,252,102,564,1,0.0085000,2,11,-3,733,310,520,2,492
3,14,1,24,3,38,1,252,102,442,1,0.0085000,2,10,-3,733,310,520,2,492
3,16,1,24,3,38,1,250,102,442,1,0.0085000,2,10,-3,733,310,470,2,492
3,18,1,23,3,38,1,249,102,320,1,0.0085000,2,10,-3,733,310,420,2,492
3,20,1,24,3,38,1,248,102,442,1,0.0085000,2,10,-3,733,310,370,2,492
3,22,1,24,3,38,1,248,102,442,1,0.0085000,2,10,-3,733,310,370,2,492
3,24,1,24,3,38,1,247,102,442,1,0.0085000,2,10,-3,733,310,319,2,492
3,26,1,24,3,38,1,247,102,442,1,0.0085000,2,10,-3,733,310,319,2,492
3,28,1,24,3,38,1,247,102,442,1,0.0085000,2,10,-3,733,310,319,2,492
3,30,1,24,3,38,1,247,102,442,1,0.0085000,2,10,-3,733,310,319,2,492
3,32,1,24,3,38,1,245,102,442,1,0.0085000,2,10,-3,733,310,269,2,492
3,34,1,24,3,38,1,244,102,442,1,0.0085000,2,10,-3,733,310,219,2,492
3,36,1,23,3,38,1,244,102,320,1,0.0085000,2,10,-3,733,310,219,2,492
3,38,1,24,3,38,1,243,102,442,1,0.0085000,2,10,-3,733,310,169,2,492
3,40,1,23,3,37,1,243,102,320,1,0.0085000,2,10,-3,733,310,169,2,492
3,42,1,23,3,37,1,242,102,320,1,0.0085000,2,10,-3,733,310,119,2,492
3,44,1,23,3,37,1,242,102,320,1,0.0085000,2,10,-3,733,310,119,2,492
3,46,1,23,3,38,1,241,102,320,1,0.0085000,2,10,-3,733,310,68,2,491
3,48,1,23,3,38,1,241,102,320,1,0.0085000,2,10,-3,733,310,68,2,491
3,50,1,23,3,37,1,239,102,320,1,0.0085000,2,10,-3,733,310,18,2,491
3,52,1,23,3,38,1,239,102,320,1,0.0085000,2,10,-3,733,310,18,2,491
3,54,1,24,3,38,1,238,102,442,1,0.0085000,2,10,-3,733,309,968,2,491
3,56,1,26,3,27,1,239,102,564,1,0.0085000,2,11,-3,734,310,18,2,491
3,58,1,33,2,999,1,245,103,297,1,0.0084000,2,14,-3,736,310,269,2,492
3,60,1,39,2,972,1,256,103,907,1,0.0083000,2,17,-3,738,310,721,2,492
3,62,1,45,2,951,1,265,104,518,1,0.0082000,2,19,-3,740,311,72,2,493
3,64,1,45,2,951,1,271,104,518,1,0.0082000,2,19,-3,740,311,323,2,493
3,66,1,44,2,949,1,272,104,396,1,0.0082000,2,19,-3,740,311,374,2,493
3,68,1,44,2,950,1,274,104,396,1,0.0082000,2,19,-3,740,311,424,2,493
3,70,1,44,2,949,1,272,104,396,1,0.0082000,2,19,-3,740,311,374,2,493
3,72,1,44,2,950,1,272,104,396,1,0.0082000,2,19,-3,740,311,374,2,493
3,74,1,44,2,949,1,272,104,396,1,0.0082000,2,19,-3,740,311,374,2,493
3,76,1,44,2,950,1,271,104,396,1,0.0082000,2,19,-3,740,311,323,2,493
3,78,1,44,2,950,1,270,104,396,1,0.0082000,2,19,-3,740,311,273,2,493
3,80,1,44,2,951,1,270,104,396,1,0.0082000,2,19,-3,740,311,273,2,493
3,82,1,43,2,950,1,269,104,274,1,0.0082000,2,18,-3,740,311,223,2,493
3,84,1,43,2,950,1,269,104,274,1,0.0082000,2,18,-3,740,311,223,2,493
3,86,1,43,2,950,1,267,104,274,1,0.0082000,2,18,-3,740,311,173,2,493
3,88,1,43,2,950,1,266,104,274,1,0.0082000,2,18,-3,740,311,123,2,493
3,90,1,43,2,950,1,265,104,274,1,0.0082000,2,18,-3,740,311,72,2,493
3,92,1,43,2,950,1,265,104,274,1,0.0082000,2,18,-3,740,311,72,2,493
3,94,1,43,2,950,1,264,104,274,1,0.0082000,2,18,-3,740,311,22,2,493
3,96,1,43,2,950,1,264,104,274,1,0.0082000,2,18,-3,740,311,22,2,493
3,98,1,43,2,950,1,263,104,274,1,0.0082000,2,18,-3,740,310,972,2,493
4,0,1,42,2,950,1,261,104,151,1,0.0082000,2,18,-3,740,310,922,2,493
4,2,1,43,2,950,1,260,104,274,1,0.0082000,2,18,-3,740,310,872,2,493
4,4,1,43,2,951,1,260,104,274,1,0.0082000,2,18,-3,740,310,872,2,493
4,6,1,42,2,950,1,260,104,151,1,0.0082000,2,18,-3,740,310,872,2,493
4,8,1,43,2,950,1,260,104,274,1,0.0082000,2,18,-3,740,310,872,2,493
4,10,1,42,2,950,1,259,104,151,1,0.0082000,2,18,-3,740,310,821,2,493
4,12,1,42,2,950,1,258,104,151,1,0.0082000,2,18,-3,740,310,771,2,492
4,14,1,42,2,951,1,256,104,151,1,0.0082000,2,18,-3,740,310,721,2,492
4,16,1,42,2,950,1,256,104,151,1,0.0082000,2,18,-3,740,310,721,2,492
4,18,1,42,2,950,1,255,104,151,1,0.0082000,2,18,-3,740,310,671,2,492
4,20,1,42,2,949,1,254,104,151,1,0.0082000,2,18,-3,740,310,621,2,492
4,22,1,40,2,950,1,254,104,29,1,0.0082000,2,17,-3,740,310,621,2,492
4,24,1,42,2,950,1,253,104,151,1,0.0082000,2,18,-3,740,310,570,2,492
4,26,1,40,2,950,1,253,104,29,1,0.0082000,2,17,-3,740,310,570,2,492
4,28,1,40,2,950,1,252,104,29,1,0.0082000,2,17,-3,740,310,520,2,492
4,30,1,40,2,950,1,252,104,29,1,0.0082000,2,17,-3,740,310,520,2,492
4,32,1,42,2,950,1,250,104,151,1,0.0082000,2,18,-3,740,310,470,2,492
4,34,1,40,2,950,1,250,104,29,1,0.0082000,2,17,-3,740,310,470,2,492
4,36,1,42,2,950,1,249,104,151,1,0.0082000,2,18,-3,740,310,420,2,492
4,38,1,40,2,950,1,249,104,29,1,0.0082000,2,17,-3,740,310,420,2,492
4,40,1,40,2,949,1,248,104,29,1,0.0082000,2,17,-3,740,310,370,2,492
4,42,1,40,2,950,1,248,104,29,1,0.0082000,2,17,-3,740,310,370,2,492
4,44,1,40,2,949,1,247,104,29,1,0.0082000,2,17,-3,740,310,319,2,492
4,46,1,40,2,950,1,247,104,29,1,0.0082000,2,17,-3,740,310,319,2,492
4,48,1,40,2,950,1,245,104,29,1,0.0082000,2,17,-3,740,310,269,2,492
4,50,1,40,2,949,1,244,104,29,1,0.0082000,2,17,-3,740,310,219,2,492
4,52,1,40,2,950,1,244,104,29,1,0.0082000,2,17,-3,740,310,219,2,492
4,54,1,40,2,949,1,243,104,29,1,0.0082000,2,17,-3,740,310,169,2,492
4,56,1,40,2,950,1,243,104,29,1,0.0082000,2,17,-3,740,310,169,2,492
4,58,1,40,2,950,1,243,104,29,1,0.0082000,2,17,-3,740,310,169,2,492
4,60,1,40,2,950,1,242,104,29,1,0.0082000,2,17,-3,740,310,119,2,492
4,62,1,40,2,950,1,241,104,29,1,0.0082000,2,17,-3,740,310,68,2,491
4,64,1,39,2,950,1,241,103,907,1,0.0082000,2,17,-3,740,310,68,2,491
4,66,1,40,2,950,1,241,104,29,1,0.0082000,2,17,-3,740,310,68,2,491
4,68,1,39,2,950,1,239,103,907,1,0.0082000,2,17,-3,740,310,18,2,491
4,70,1,39,2,949,1,238,103,907,1,0.0082000,2,17,-3,740,309,968,2,491
4,72,1,39,2,950,1,238,103,907,1,0.0082000,2,17,-3,740,309,968,2,491
4,74,1,39,2,949,1,238,103,907,1,0.0082000,2,17,-3,740,309,968,2,491
4,76,1,39,2,949,1,237,103,907,1,0.0082000,2,17,-3,740,309,918,2,491
4,78,1,39,2,949,1,237,103,907,1,0.0082000,2,17,-3,740,309,918,2,491
4,80,1,39,2,949,1,236,103,907,1,0.0082000,2,17,-3,740,309,868,2,491
4,82,1,39,2,949,1,236,103,907,1,0.0082000,2,17,-3,740,309,868,2,491
4,84,1,40,2,950,1,236,104,29,1,0.0082000,2,17,-3,740,309,868,2,491
4,86,1,39,2,950,1,234,103,907,1,0.0082000,2,17,-3,740,309,818,2,491
4,88,1,39,2,950,1,234,103,907,1,0.0082000,2,17,-3,740,309,818,2,491
4,90,1,39,2,950,1,233,103,907,1,0.0082000,2,17,-3,740,309,767,2,491
4,92,1,40,2,949,1,233,104,29,1,0.0082000,2,17,-3,740,309,767,2,491
4,94,1,39,2,949,1,232,103,907,1,0.0082000,2,17,-3,740,309,717,2,491
4,96,1,39,2,949,1,232,103,907,1,0.0082000,2,17,-3,740,309,717,2,491
4,98,1,39,2,949,1,232,103,907,1,0.0082000,2,17,-3,740,309,717,2,491
5,0,1,39,2,947,1,231,103,907,1,0.0082000,2,17,-3,740,309,667,2,491
5,2,1,39,2,947,1,231,103,907,1,0.0082000,2,17,-3,740,309,667,2,491
5,4,1,39,2,947,1,231,103,907,1,0.0082000,2,17,-3,740,309,667,2,491
5,6,1,38,2,947,1,230,103,785,1,0.0082000,2,16,-3,740,309,617,2,491
5,8,1,40,2,947,1,230,104,29,1,0.0082000,2,17,-3,740,309,617,2,491
5,10,1,44,2,928,1,232,104,396,1,0.0081000,2,19,-3,741,309,717,2,491
5,12,1,53,2,895,1,241,105,250,1,0.0080000,2,22,-3,744,310,68,2,491
5,14,1,60,2,868,1,253,105,983,1,0.0079000,2,25,-3,746,310,570,2,492
5,16,1,62,2,858,1,261,106,227,1,0.0079000,2,26,-3,747,310,922,2,493
5,18,1,62,2,860,1,266,106,227,1,0.0079000,2,26,-3,747,311,123,2,493
5,20,1,62,2,860,1,267,106,227,1,0.0079000,2,26,-3,747,311,173,2,493
5,22,1,61,2,858,1,267,106,105,1,0.0079000,2,26,-3,747,311,173,2,493
5,24,1,61,2,858,1,267,106,105,1,0.0079000,2,26,-3,747,311,173,2,493
5,26,1,61,2,860,1,266,106,105,1,0.0079000,2,26,-3,747,311,123,2,493
5,28,1,61,2,858,1,265,106,105,1,0.0079000,2,26,-3,747,311,72,2,493
5,30,1,61,2,858,1,265,106,105,1,0.0079000,2,26,-3,747,311,72,2,493
5,32,1,61,2,858,1,265,106,105,1,0.0079000,2,26,-3,747,311,72,2,493
5,34,1,61,2,860,1,263,106,105,1,0.0079000,2,26,-3,747,310,972,2,493
5,36,1,61,2,860,1,264,106,105,1,0.0079000,2,26,-3,747,311,22,2,493
5,38,1,61,2,860,1,263,106,105,1,0.0079000,2,26,-3,747,310,972,2,493
5,40,1,60,2,860,1,261,105,983,1,0.0079000,2,25,-3,747,310,922,2,493
5,42,1,61,2,858,1,260,106,105,1,0.0079000,2,26,-3,747,310,872,2,493
5,44,1,60,2,860,1,260,105,983,1,0.0079000,2,25,-3,747,310,872,2,493
5,46,1,60,2,860,1,260,105,983,1,0.0079000,2,25,-3,747,310,872,2,493
5,48,1,60,2,858,1,259,105,983,1,0.0079000,2,25,-3,747,310,821,2,493
5,50,1,60,2,858,1,258,105,983,1,0.0079000,2,25,-3,747,310,771,2,492
5,52,1,60,2,858,1,258,105,983,1,0.0079000,2,25,-3,747,310,771,2,492
5,54,1,60,2,858,1,256,105,983,1,0.0079000,2,25,-3,747,310,721,2,492
5,56,1,60,2,858,1,256,105,983,1,0.0079000,2,25,-3,747,310,721,2,492
5,58,1,60,2,858,1,255,105,983,1,0.0079000,2,25,-3,747,310,671,2,492
5,60,1,60,2,858,1,255,105,983,1,0.0079000,2,25,-3,747,310,671,2,492
5,62,1,60,2,858,1,255,105,983,1,0.0079000,2,25,-3,747,310,671,2,492
5,64,1,60,2,858,1,254,105,983,1,0.0079000,2,25,-3,747,310,621,2,492
5,66,1,59,2,860,1,254,105,861,1,0.0079000,2,25,-3,747,310,621,2,492
5,68,1,60,2,858,1,253,105,983,1,0.0079000,2,25,-3,747,310,570,2,492
5,70,1,59,2,858,1,252,105,861,1,0.0079000,2,25,-3,747,310,520,2,492
5,72,1,59,2,858,1,252,105,861,1,0.0079000,2,25,-3,747,310,520,2,492
5,74,1,59,2,858,1,250,105,861,1,0.0079000,2,25,-3,747,310,470,2,492
5,76,1,59,2,858,1,250,105,861,1,0.0079000,2,25,-3,747,310,470,2,492
5,78,1,59,2,857,1,250,105,861,1,0.0079000,2,25,-3,747,310,470,2,492
5,80,1,60,2,858,1,249,105,983,1,0.0079000,2,25,-3,747,310,420,2,492
5,82,1,59,2,857,1,249,105,861,1,0.0079000,2,25,-3,747,310,420,2,492
5,84,1,59,2,857,1,248,105,861,1,0.0079000,2,25,-3,747,310,370,2,492
5,86,1,60,2,852,1,249,105,983,1,0.0079000,2,25,-3,747,310,420,2,492
5,88,1,65,2,834,1,252,106,471,1,0.0078000,2,27,-3,749,310,520,2,492
5,90,1,70,2,813,1,260,106,960,1,0.0078000,2,29,-3,750,310,872,2,493
5,92,1,73,2,805,1,266,107,326,1,0.0077000,2,31,-3,751,311,123,2,493
5,94,1,72,2,805,1,269,107,204,1,0.0077000,2,30,-3,751,311,223,2,493
5,96,1,73,2,805,1,269,107,326,1,0.0077000,2,31,-3,751,311,223,2,493
5,98,1,72,2,806,1,270,107,204,1,0.0077000,2,30,-3,751,311,273,2,493
6,0,1,72,2,805,1,269,107,204,1,0.0077000,2,30,-3,751,311,223,2,493
6,2,1,71,2,805,1,269,107,82,1,0.0077000,2,30,-3,751,311,223,2,493
6,4,1,72,2,803,1,267,107,204,1,0.0077000,2,30,-3,751,311,173,2,493
6,6,1,71,2,805,1,267,107,82,1,0.0077000,2,30,-3,751,311,173,2,493
6,8,1,72,2,805,1,265,107,204,1,0.0077000,2,30,-3,751,311,72,2,493
6,10,1,71,2,805,1,265,107,82,1,0.0077000,2,30,-3,751,311,72,2,493
6,12,1,72,2,805,1,264,107,204,1,0.0077000,2,30,-3,751,311,22,2,493
6,14,1,71,2,806,1,264,107,82,1,0.0077000,2,30,-3,751,311,22,2,493
6,16,1,71,2,805,1,263,107,82,1,0.0077000,2,30,-3,751,310,972,2,493
6,18,1,71,2,805,1,263,107,82,1,0.0077000,2,30,-3,751,310,972,2,493
6,20,1,71,2,806,1,261,107,82,1,0.0077000,2,30,-3,751,310,922,2,493
6,22,1,71,2,805,1,261,107,82,1,0.0077000,2,30,-3,751,310,922,2,493
6,24,1,71,2,806,1,260,107,82,1,0.0077000,2,30,-3,751,310,872,2,493
6,26,1,70,2,805,1,260,106,960,1,0.0077000,2,29,-3,751,310,872,2,493
6,28,1,71,2,805,1,259,107,82,1,0.0077000,2,30,-3,751,310,821,2,493
6,30,1,70,2,805,1,258,106,960,1,0.0077000,2,29,-3,751,310,771,2,492
6,32,1,70,2,805,1,258,106,960,1,0.0077000,2,29,-3,751,310,771,2,492
6,34,1,70,2,805,1,258,106,960,1,0.0077000,2,29,-3,751,310,771,2,492
6,36,1,71,2,805,1,256,107,82,1,0.0077000,2,30,-3,751,310,721,2,492
6,38,1,70,2,805,1,256,106,960,1,0.0077000,2,29,-3,751,310,721,2,492
6,40,1,70,2,806,1,255,106,960,1,0.0077000,2,29,-3,751,310,671,2,492
6,42,1,70,2,805,1,255,106,960,1,0.0077000,2,29,-3,751,310,671,2,492
6,44,1,71,2,805,1,253,107,82,1,0.0077000,2,30,-3,751,310,570,2,492
6,46,1,70,2,806,1,254,106,960,1,0.0077000,2,29,-3,751,310,621,2,492
6,48,1,70,2,805,1,253,106,960,1,0.0077000,2,29,-3,751,310,570,2,492
6,50,1,70,2,806,1,253,106,960,1,0.0077000,2,29,-3,751,310,570,2,492
6,52,1,70,2,805,1,250,106,960,1,0.0077000,2,29,-3,751,310,470,2,492
6,54,1,68,2,805,1,252,106,838,1,0.0077000,2,29,-3,751,310,520,2,492
6,56,1,70,2,805,1,249,106,960,1,0.0077000,2,29,-3,751,310,420,2,492
6,58,1,68,2,805,1,250,106,838,1,0.0077000,2,29,-3,751,310,470,2,492
6,60,1,70,2,805,1,248,106,960,1,0.0077000,2,29,-3,751,310,370,2,492
6,62,1,68,2,805,1,248,106,838,1,0.0077000,2,29,-3,751,310,370,2,492
6,64,1,70,2,805,1,248,106,960,1,0.0077000,2,29,-3,751,310,370,2,492
6,66,1,70,2,805,1,248,106,960,1,0.0077000,2,29,-3,751,310,370,2,492
6,68,1,70,2,805,1,247,106,960,1,0.0077000,2,29,-3,751,310,319,2,492
6,70,1,68,2,805,1,247,106,838,1,0.0077000,2,29,-3,751,310,319,2,492
6,72,1,70,2,805,1,245,106,960,1,0.0077000,2,29,-3,751,310,269,2,492
6,74,1,68,2,805,1,245,106,838,1,0.0077000,2,29,-3,751,310,269,2,492
6,76,1,68,2,805,1,244,106,838,1,0.0077000,2,29,-3,751,310,219,2,492
6,78,1,68,2,803,1,243,106,838,1,0.0077000,2,29,-3,751,310,169,2,492
6,80,1,70,2,803,1,243,106,960,1,0.0077000,2,29,-3,751,310,169,2,492
6,82,1,68,2,802,1,243,106,838,1,0.0077000,2,29,-3,751,310,169,2,492
6,84,1,68,2,803,1,243,106,838,1,0.0077000,2,29,-3,751,310,169,2,492
6,86,1,68,2,802,1,242,106,838,1,0.0077000,2,29,-3,751,310,119,2,492
6,88,1,68,2,802,1,242,106,838,1,0.0077000,2,29,-3,751,310,119,2,492
6,90,1,68,2,803,1,241,106,838,1,0.0077000,2,29,-3,751,310,68,2,491
6,92,1,68,2,803,1,241,106,838,1,0.0077000,2,29,-3,751,310,68,2,491
6,94,1,70,2,803,1,239,106,960,1,0.0077000,2,29,-3,751,310,18,2,491
6,96,1,68,2,803,1,239,106,838,1,0.0077000,2,29,-3,751,310,18,2,491
6,98,1,70,2,803,1,238,106,960,1,0.0077000,2,29,-3,751,309,968,2,491
7,0,1,67,2,803,1,239,106,716,1,0.0077000,2,28,-3,751,310,18,2,491
7,2,1,68,2,802,1,238,106,838,1,0.0077000,2,29,-3,751,309,968,2,491
7,4,1,67,2,802,1,237,106,716,1,0.0077000,2,28,-3,751,309,918,2,491
7,6,1,67,2,802,1,236,106,716,1,0.0077000,2,28,-3,751,309,868,2,491
7,8,1,68,2,802,1,237,106,838,1,0.0077000,2,29,-3,751,309,918,2,491
7,10,1,71,2,792,1,237,107,82,1,0.0077000,2,30,-3,752,309,918,2,491
7,12,1,76,2,769,1,242,107,570,1,0.0076000,2,32,-3,754,310,119,2,492
7,14,1,84,2,744,1,252,108,425,1,0.0075000,2,35,-3,756,310,520,2,492
7,16,1,87,2,734,1,260,108,669,1,0.0075000,2,36,-3,757,310,872,2,493
7,18,1,87,2,734,1,264,108,669,1,0.0075000,2,36,-3,757,311,22,2,493
7,20,1,85,2,734,1,265,108,547,1,0.0075000,2,36,-3,757,311,72,2,493
7,22,1,87,2,735,1,265,108,669,1,0.0075000,2,36,-3,757,311,72,2,493
7,24,1,87,2,734,1,265,108,669,1,0.0075000,2,36,-3,757,311,72,2,493
7,26,1,85,2,735,1,265,108,547,1,0.0075000,2,36,-3,757,311,72,2,493
7,28,1,85,2,735,1,264,108,547,1,0.0075000,2,36,-3,757,311,22,2,493
7,30,1,85,2,734,1,263,108,547,1,0.0075000,2,36,-3,757,310,972,2,493
7,32,1,85,2,734,1,263,108,547,1,0.0075000,2,36,-3,757,310,972,2,493
7,34,1,84,2,734,1,261,108,425,1,0.0075000,2,35,-3,757,310,922,2,493
7,36,1,85,2,735,1,260,108,547,1,0.0075000,2,36,-3,757,310,872,2,493
7,38,1,84,2,735,1,260,108,425,1,0.0075000,2,35,-3,757,310,872,2,493
7,40,1,84,2,734,1,259,108,425,1,0.0075000,2,35,-3,757,310,821,2,493
7,42,1,84,2,735,1,260,108,425,1,0.0075000,2,35,-3,757,310,872,2,493
7,44,1,85,2,734,1,258,108,547,1,0.0075000,2,36,-3,757,310,771,2,492
7,46,1,84,2,734,1,258,108,425,1,0.0075000,2,35,-3,757,310,771,2,492
7,48,1,84,2,735,1,256,108,425,1,0.0075000,2,35,-3,757,310,721,2,492
7,50,1,84,2,734,1,256,108,425,1,0.0075000,2,35,-3,757,310,721,2,492
7,52,1,84,2,734,1,256,108,425,1,0.0075000,2,35,-3,757,310,721,2,492
7,54,1,84,2,734,1,255,108,425,1,0.0075000,2,35,-3,757,310,671,2,492
7,56,1,84,2,734,1,254,108,425,1,0.0075000,2,35,-3,757,310,621,2,492
7,58,1,84,2,733,1,255,108,425,1,0.0075000,2,35,-3,757,310,671,2,492
7,60,1,84,2,734,1,254,108,425,1,0.0075000,2,35,-3,757,310,621,2,492
7,62,1,83,2,734,1,253,108,303,1,0.0075000,2,35,-3,757,310,570,2,492
7,64,1,84,2,733,1,252,108,425,1,0.0075000,2,35,-3,757,310,520,2,492
7,66,1,83,2,734,1,252,108,303,1,0.0075000,2,35,-3,757,310,520,2,492
7,68,1,84,2,734,1,252,108,425,1,0.0075000,2,35,-3,757,310,520,2,492
7,70,1,83,2,735,1,252,108,303,1,0.0075000,2,35,-3,757,310,520,2,492
7,72,1,84,2,735,1,250,108,425,1,0.0075000,2,35,-3,757,310,470,2,492
7,74,1,83,2,734,1,250,108,303,1,0.0075000,2,35,-3,757,310,470,2,492
7,76,1,84,2,734,1,249,108,425,1,0.0075000,2,35,-3,757,310,420,2,492
7,78,1,83,2,734,1,249,108,303,1,0.0075000,2,35,-3,757,310,420,2,492
7,80,1,84,2,733,1,248,108,425,1,0.0075000,2,35,-3,757,310,370,2,492
7,82,1,83,2,733,1,248,108,303,1,0.0075000,2,35,-3,757,310,370,2,492
7,84,1,83,2,733,1,247,108,303,1,0.0075000,2,35,-3,757,310,319,2,492
7,86,1,83,2,733,1,247,108,303,1,0.0075000,2,35,-3,757,310,319,2,492
7,88,1,84,2,726,1,247,108,425,1,0.0075000,2,35,-3,757,310,319,2,492
7,90,1,92,2,703,1,252,109,158,1,0.0074000,2,38,-3,759,310,520,2,492
7,92,1,100,2,675,1,260,110,12,1,0.0073000,2,41,-3,762,310,872,2,493
7,94,1,104,2,657,1,271,110,379,1,0.0073000,2,43,-3,763,311,323,2,493
7,96,1,104,2,657,1,276,110,379,1,0.0073000,2,43,-3,763,311,524,2,493
7,98,1,104,2,658,1,278,110,379,1,0.0073000,2,43,-3,763,311,625,2,494
8,0,1,104,2,657,1,280,110,379,1,0.0073000,2,43,-3,763,311,675,2,494
8,2,1,104,2,658,1,280,110,379,1,0.0073000,2,43,-3,763,311,675,2,494
8,4,1,104,2,657,1,278,110,379,1,0.0073000,2,43,-3,763,311,625,2,494
8,6,1,104,2,658,1,278,110,379,1,0.0073000,2,43,-3,763,311,625,2,494
8,8,1,104,2,657,1,277,110,379,1,0.0073000,2,43,-3,763,311,574,2,494
8,10,1,103,2,657,1,276,110,256,1,0.0073000,2,42,-3,763,311,524,2,493
8,12,1,103,2,657,1,275,110,256,1,0.0073000,2,42,-3,763,311,474,2,493
8,14,1,103,2,657,1,275,110,256,1,0.0073000,2,42,-3,763,311,474,2,493
8,16,1,103,2,657,1,274,110,256,1,0.0073000,2,42,-3,763,311,424,2,493
8,18,1,103,2,658,1,274,110,256,1,0.0073000,2,42,-3,763,311,424,2,493
8,20,1,103,2,658,1,272,110,256,1,0.0073000,2,42,-3,763,311,374,2,493
8,22,1,103,2,657,1,272,110,256,1,0.0073000,2,42,-3,763,311,374,2,493
8,24,1,103,2,657,1,270,110,256,1,0.0073000,2,42,-3,763,311,273,2,493
8,26,1,101,2,658,1,270,110,134,1,0.0073000,2,42,-3,763,311,273,2,493
8,28,1,101,2,657,1,269,110,134,1,0.0073000,2,42,-3,763,311,223,2,493
8,30,1,101,2,658,1,269,110,134,1,0.0073000,2,42,-3,763,311,223,2,493
8,32,1,101,2,657,1,267,110,134,1,0.0073000,2,42,-3,763,311,173,2,493
8,34,1,101,2,657,1,266,110,134,1,0.0073000,2,42,-3,763,311,123,2,493
8,36,1,101,2,657,1,266,110,134,1,0.0073000,2,42,-3,763,311,123,2,493
8,38,1,101,2,657,1,265,110,134,1,0.0073000,2,42,-3,763,311,72,2,493
8,40,1,101,2,657,1,265,110,134,1,0.0073000,2,42,-3,763,311,72,2,493
8,42,1,101,2,657,1,264,110,134,1,0.0073000,2,42,-3,763,311,22,2,493
8,44,1,101,2,657,1,263,110,134,1,0.0073000,2,42,-3,763,310,972,2,493
8,46,1,101,2,658,1,263,110,134,1,0.0073000,2,42,-3,763,310,972,2,493
8,48,1,101,2,657,1,263,110,134,1,0.0073000,2,42,-3,763,310,972,2,493
8,50,1,101,2,657,1,261,110,134,1,0.0073000,2,42,-3,763,310,922,2,493
8,52,1,101,2,657,1,261,110,134,1,0.0073000,2,42,-3,763,310,922,2,493
8,54,1,101,2,657,1,260,110,134,1,0.0073000,2,42,-3,763,310,872,2,493
8,56,1,100,2,658,1,260,110,12,1,0.0073000,2,41,-3,763,310,872,2,493
8,58,1,101,2,657,1,259,110,134,1,0.0073000,2,42,-3,763,310,821,2,493
8,60,1,100,2,657,1,259,110,12,1,0.0073000,2,41,-3,763,310,821,2,493
8,62,1,100,2,657,1,258,110,12,1,0.0073000,2,41,-3,763,310,771,2,492
8,64,1,100,2,657,1,258,110,12,1,0.0073000,2,41,-3,763,310,771,2,492
8,66,1,100,2,658,1,255,110,12,1,0.0073000,2,41,-3,763,310,671,2,492
8,68,1,100,2,657,1,255,110,12,1,0.0073000,2,41,-3,763,310,671,2,492
8,70,1,100,2,657,1,255,110,12,1,0.0073000,2,41,-3,763,310,671,2,492
8,72,1,100,2,658,1,255,110,12,1,0.0073000,2,41,-3,763,310,671,2,492
8,74,1,100,2,657,1,254,110,12,1,0.0073000,2,41,-3,763,310,621,2,492
8,76,1,100,2,658,1,254,110,12,1,0.0073000,2,41,-3,763,310,621,2,492
8,78,1,99,2,657,1,253,109,890,1,0.0073000,2,41,-3,763,310,570,2,492
8,80,1,100,2,658,1,253,110,12,1,0.0073000,2,41,-3,763,310,570,2,492
8,82,1,100,2,658,1,252,110,12,1,0.0073000,2,41,-3,763,310,520,2,492
8,84,1,99,2,658,1,252,109,890,1,0.0073000,2,41,-3,763,310,520,2,492
8,86,1,99,2,657,1,250,109,890,1,0.0073000,2,41,-3,763,310,470,2,492
8,88,1,100,2,657,1,249,110,12,1,0.0073000,2,41,-3,763,310,420,2,492
8,90,1,99,2,657,1,249,109,890,1,0.0073000,2,41,-3,763,310,420,2,492
8,92,1,99,2,657,1,248,109,890,1,0.0073000,2,41,-3,763,310,370,2,492
8,94,1,99,2,657,1,248,109,890,1,0.0073000,2,41,-3,763,310,370,2,492
8,96,1,99,2,657,1,247,109,890,1,0.0073000,2,41,-3,763,310,319,2,492
8,98,1,99,2,657,1,247,109,890,1,0.0073000,2,41,-3,763,310,319,2,492
9,0,1,99,2,657,1,245,109,890,1,0.0073000,2,41,-3,763,310,269,2,492
9,2,1,99,2,657,1,245,109,890,1,0.0073000,2,41,-3,763,310,269,2,492
9,4,1,99,2,657,1,245,109,890,1,0.0073000,2,41,-3,763,310,269,2,492
9,6,1,99,2,657,1,245,109,890,1,0.0073000,2,41,-3,763,310,269,2,492
9,8,1,99,2,657,1,244,109,890,1,0.0073000,2,41,-3,763,310,219,2,492
9,10,1,99,2,657,1,244,109,890,1,0.0073000,2,41,-3,763,310,219,2,492
9,12,1,99,2,656,1,243,109,890,1,0.0073000,2,41,-3,763,310,169,2,492
9,14,1,99,2,657,1,243,109,890,1,0.0073000,2,41,-3,763,310,169,2,492
9,16,1,99,2,656,1,242,109,890,1,0.0073000,2,41,-3,763,310,119,2,492
9,18,1,99,2,656,1,241,109,890,1,0.0073000,2,41,-3,763,310,68,2,491
9,20,1,99,2,656,1,241,109,890,1,0.0073000,2,41,-3,763,310,68,2,491
9,22,1,99,2,656,1,241,109,890,1,0.0073000,2,41,-3,763,310,68,2,491
9,24,1,99,2,656,1,241,109,890,1,0.0073000,2,41,-3,763,310,68,2,491
9,26,1,99,2,657,1,241,109,890,1,0.0073000,2,41,-3,763,310,68,2,491
9,28,1,99,2,657,1,239,109,890,1,0.0073000,2,41,-3,763,310,18,2,491
9,30,1,99,2,657,1,238,109,890,1,0.0073000,2,41,-3,763,309,968,2,491
9,32,1,99,2,657,1,238,109,890,1,0.0073000,2,41,-3,763,309,968,2,491
9,34,1,99,2,656,1,238,109,890,1,0.0073000,2,41,-3,763,309,968,2,491
9,36,1,99,2,656,1,238,109,890,1,0.0073000,2,41,-3,763,309,968,2,491
9,38,1,98,2,656,1,237,109,768,1,0.0073000,2,40,-3,763,309,918,2,491
9,40,1,99,2,654,1,237,109,890,1,0.0073000,2,41,-3,763,309,918,2,491
9,42,1,103,2,640,1,238,110,256,1,0.0072000,2,42,-3,764,309,968,2,491
9,44,1,110,2,615,1,245,110,989,1,0.0071000,2,45,-3,766,310,269,2,492
9,46,1,116,2,593,1,255,111,600,1,0.0071000,2,48,-3,768,310,671,2,492
9,48,1,118,2,585,1,263,111,844,1,0.0070000,2,49,-3,769,310,972,2,493
9,50,1,118,2,586,1,266,111,844,1,0.0070000,2,49,-3,769,311,123,2,493
9,52,1,118,2,586,1,267,111,844,1,0.0070000,2,49,-3,769,311,173,2,493
9,54,1,118,2,586,1,267,111,844,1,0.0070000,2,49,-3,769,311,173,2,493
9,56,1,117,2,586,1,267,111,722,1,0.0070000,2,48,-3,769,311,173,2,493
9,58,1,117,2,585,1,266,111,722,1,0.0070000,2,48,-3,769,311,123,2,493
9,60,1,117,2,586,1,266,111,722,1,0.0070000,2,48,-3,769,311,123,2,493
9,62,1,117,2,586,1,265,111,722,1,0.0070000,2,48,-3,769,311,72,2,493
9,64,1,116,2,586,1,265,111,600,1,0.0070000,2,48,-3,769,311,72,2,493
9,66,1,116,2,586,1,264,111,600,1,0.0070000,2,48,-3,769,311,22,2,493
9,68,1,116,2,586,1,263,111,600,1,0.0070000,2,48,-3,769,310,972,2,493
9,70,1,116,2,586,1,261,111,600,1,0.0070000,2,48,-3,769,310,922,2,493
9,72,1,116,2,586,1,261,111,600,1,0.0070000,2,48,-3,769,310,922,2,493
9,74,1,116,2,586,1,261,111,600,1,0.0070000,2,48,-3,769,310,922,2,493
9,76,1,116,2,586,1,260,111,600,1,0.0070000,2,48,-3,769,310,872,2,493
9,78,1,116,2,586,1,259,111,600,1,0.0070000,2,48,-3,769,310,821,2,493
9,80,1,116,2,586,1,259,111,600,1,0.0070000,2,48,-3,769,310,821,2,493
9,82,1,116,2,586,1,259,111,600,1,0.0070000,2,48,-3,769,310,821,2,493
9,84,1,116,2,586,1,256,111,600,1,0.0070000,2,48,-3,769,310,721,2,492
9,86,1,116,2,587,1,258,111,600,1,0.0070000,2,48,-3,769,310,771,2,492
9,88,1,115,2,586,1,256,111,477,1,0.0070000,2,47,-3,769,310,721,2,492
9,90,1,115,2,586,1,256,111,477,1,0.0070000,2,47,-3,769,310,721,2,492
9,92,1,116,2,586,1,255,111,600,1,0.0070000,2,48,-3,769,310,671,2,492
9,94,1,115,2,586,1,255,111,477,1,0.0070000,2,47,-3,769,310,671,2,492
9,96,1,115,2,585,1,254,111,477,1,0.0070000,2,47,-3,769,310,621,2,492
9,98,1,116,2,586,1,253,111,600,1,0.0070000,2,48,-3,769,310,570,2,492
10,0,1,115,2,586,1,254,111,477,1,0.0070000,2,47,-3,769,310,621,2,492
10,2,1,115,2,587,1,253,111,477,1,0.0070000,2,47,-3,769,310,570,2,492
10,4,1,115,2,587,1,253,111,477,1,0.0070000,2,47,-3,769,310,570,2,492
10,6,1,115,2,587,1,252,111,477,1,0.0070000,2,47,-3,769,310,520,2,492
10,8,1,115,2,586,1,252,111,477,1,0.0070000,2,47,-3,769,310,520,2,492
10,10,1,115,2,586,1,250,111,477,1,0.0070000,2,47,-3,769,310,470,2,492
10,12,1,115,2,586,1,250,111,477,1,0.0070000,2,47,-3,769,310,470,2,492
10,14,1,115,2,586,1,249,111,477,1,0.0070000,2,47,-3,769,310,420,2,492
10,16,1,115,2,586,1,249,111,477,1,0.0070000,2,47,-3,769,310,420,2,492
10,18,1,115,2,586,1,248,111,477,1,0.0070000,2,47,-3,769,310,370,2,492
10,20,1,114,2,586,1,248,111,355,1,0.0070000,2,47,-3,769,310,370,2,492
10,22,1,115,2,586,1,248,111,477,1,0.0070000,2,47,-3,769,310,370,2,492
10,24,1,115,2,585,1,247,111,477,1,0.0070000,2,47,-3,769,310,319,2,492
10,26,1,114,2,585,1,247,111,355,1,0.0070000,2,47,-3,769,310,319,2,492
10,28,1,115,2,586,1,247,111,477,1,0.0070000,2,47,-3,769,310,319,2,492
10,30,1,115,2,586,1,245,111,477,1,0.0070000,2,47,-3,769,310,269,2,492
10,32,1,115,2,585,1,245,111,477,1,0.0070000,2,47,-3,769,310,269,2,492
10,34,1,114,2,585,1,245,111,355,1,0.0070000,2,47,-3,769,310,269,2,492
10,36,1,115,2,585,1,245,111,477,1,0.0070000,2,47,-3,769,310,269,2,492
10,38,1,115,2,584,1,245,111,477,1,0.0070000,2,47,-3,769,310,269,2,492
10,40,1,116,2,584,1,244,111,600,1,0.0070000,2,48,-3,769,310,219,2,492
10,42,1,115,2,584,1,243,111,477,1,0.0070000,2,47,-3,769,310,169,2,492
10,44,1,115,2,584,1,243,111,477,1,0.0070000,2,47,-3,769,310,169,2,492
10,46,1,115,2,581,1,243,111,477,1,0.0070000,2,47,-3,769,310,169,2,492
10,48,1,121,2,562,1,247,112,88,1,0.0069000,2,50,-3,771,310,319,2,492
10,50,1,131,2,529,1,255,113,65,1,0.0068000,2,53,-3,774,310,671,2,492
10,52,1,139,2,501,1,269,113,919,1,0.0068000,2,57,-3,776,311,223,2,493
10,54,1,142,2,491,1,280,114,164,1,0.0067000,2,58,-3,777,311,675,2,494
10,56,1,142,2,491,1,284,114,164,1,0.0067000,2,58,-3,777,311,876,2,494
10,58,1,142,2,491,1,284,114,164,1,0.0067000,2,58,-3,777,311,876,2,494
10,60,1,140,2,492,1,286,114,42,1,0.0067000,2,57,-3,777,311,926,2,494
10,62,1,142,2,491,1,284,114,164,1,0.0067000,2,58,-3,777,311,876,2,494
10,64,1,140,2,492,1,286,114,42,1,0.0067000,2,57,-3,777,311,926,2,494
10,66,1,140,2,491,1,284,114,42,1,0.0067000,2,57,-3,777,311,876,2,494
10,68,1,140,2,491,1,283,114,42,1,0.0067000,2,57,-3,777,311,825,2,494
10,70,1,140,2,491,1,282,114,42,1,0.0067000,2,57,-3,777,311,775,2,494
10,72,1,139,2,491,1,282,113,919,1,0.0067000,2,57,-3,777,311,775,2,494
10,74,1,139,2,492,1,281,113,919,1,0.0067000,2,57,-3,777,311,725,2,494
10,76,1,139,2,491,1,280,113,919,1,0.0067000,2,57,-3,777,311,675,2,494
10,78,1,139,2,492,1,280,113,919,1,0.0067000,2,57,-3,777,311,675,2,494
10,80,1,139,2,492,1,278,113,919,1,0.0067000,2,57,-3,777,311,625,2,494
10,82,1,139,2,492,1,278,113,919,1,0.0067000,2,57,-3,777,311,625,2,494
10,84,1,139,2,492,1,277,113,919,1,0.0067000,2,57,-3,777,311,574,2,494
10,86,1,138,2,492,1,276,113,797,1,0.0067000,2,56,-3,777,311,524,2,493
10,88,1,139,2,492,1,275,113,919,1,0.0067000,2,57,-3,777,311,474,2,493
10,90,1,138,2,493,1,275,113,797,1,0.0067000,2,56,-3,777,311,474,2,493
10,92,1,138,2,493,1,274,113,797,1,0.0067000,2,56,-3,777,311,424,2,493
10,94,1,138,2,492,1,274,113,797,1,0.0067000,2,56,-3,777,311,424,2,493
10,96,1,138,2,491,1,272,113,797,1,0.0067000,2,56,-3,777,311,374,2,493
10,98,1,138,2,492,1,272,113,797,1,0.0067000,2,56,-3,777,311,374,2,493
11,0,1,138,2,491,1,271,113,797,1,0.0067000,2,56,-3,777,311,323,2,493
11,2,1,138,2,492,1,270,113,797,1,0.0067000,2,56,-3,777,311,273,2,493
11,4,1,138,2,491,1,270,113,797,1,0.0067000,2,56,-3,777,311,273,2,493
11,6,1,138,2,492,1,269,113,797,1,0.0067000,2,56,-3,777,311,223,2,493
11,8,1,138,2,492,1,269,113,797,1,0.0067000,2,56,-3,777,311,223,2,493
11,10,1,138,2,492,1,267,113,797,1,0.0067000,2,56,-3,777,311,173,2,493
11,12,1,138,2,492,1,266,113,797,1,0.0067000,2,56,-3,777,311,123,2,493
11,14,1,137,2,493,1,266,113,675,1,0.0067000,2,56,-3,777,311,123,2,493
11,16,1,138,2,492,1,266,113,797,1,0.0067000,2,56,-3,777,311,123,2,493
11,18,1,137,2,492,1,265,113,675,1,0.0067000,2,56,-3,777,311,72,2,493
11,20,1,137,2,491,1,265,113,675,1,0.0067000,2,56,-3,777,311,72,2,493
11,22,1,137,2,492,1,264,113,675,1,0.0067000,2,56,-3,777,311,22,2,493
11,24,1,137,2,492,1,263,113,675,1,0.0067000,2,56,-3,777,310,972,2,493
11,26,1,137,2,492,1,263,113,675,1,0.0067000,2,56,-3,777,310,972,2,493
11,28,1,137,2,491,1,263,113,675,1,0.0067000,2,56,-3,777,310,972,2,493
11,30,1,137,2,492,1,261,113,675,1,0.0067000,2,56,-3,777,310,922,2,493
11,32,1,137,2,492,1,261,113,675,1,0.0067000,2,56,-3,777,310,922,2,493
11,34,1,137,2,492,1,260,113,675,1,0.0067000,2,56,-3,777,310,872,2,493
11,36,1,136,2,492,1,260,113,553,1,0.0067000,2,55,-3,777,310,872,2,493
11,38,1,137,2,493,1,259,113,675,1,0.0067000,2,56,-3,777,310,821,2,493
11,40,1,137,2,492,1,259,113,675,1,0.0067000,2,56,-3,777,310,821,2,493
11,42,1,137,2,492,1,258,113,675,1,0.0067000,2,56,-3,777,310,771,2,492
11,44,1,136,2,492,1,258,113,553,1,0.0067000,2,55,-3,777,310,771,2,492
11,46,1,137,2,492,1,256,113,675,1,0.0067000,2,56,-3,777,310,721,2,492
11,48,1,136,2,492,1,256,113,553,1,0.0067000,2,55,-3,777,310,721,2,492
11,50,1,136,2,492,1,255,113,553,1,0.0067000,2,55,-3,777,310,671,2,492
11,52,1,136,2,492,1,254,113,553,1,0.0067000,2,55,-3,777,310,621,2,492
11,54,1,136,2,491,1,254,113,553,1,0.0067000,2,55,-3,777,310,621,2,492
11,56,1,136,2,491,1,253,113,553,1,0.0067000,2,55,-3,777,310,570,2,492
11,58,1,136,2,492,1,253,113,553,1,0.0067000,2,55,-3,777,310,570,2,492
11,60,1,136,2,492,1,253,113,553,1,0.0067000,2,55,-3,777,310,570,2,492
11,62,1,136,2,492,1,252,113,553,1,0.0067000,2,55,-3,777,310,520,2,492
11,64,1,136,2,492,1,252,113,553,1,0.0067000,2,55,-3,777,310,520,2,492
11,66,1,136,2,492,1,250,113,553,1,0.0067000,2,55,-3,777,310,470,2,492
11,68,1,136,2,492,1,249,113,553,1,0.0067000,2,55,-3,777,310,420,2,492
11,70,1,136,2,492,1,250,113,553,1,0.0067000,2,55,-3,777,310,470,2,492
11,72,1,136,2,491,1,248,113,553,1,0.0067000,2,55,-3,777,310,370,2,492
11,74,1,134,2,492,1,249,113,431,1,0.0067000,2,55,-3,777,310,420,2,492
11,76,1,136,2,491,1,248,113,553,1,0.0067000,2,55,-3,777,310,370,2,492
11,78,1,136,2,492,1,248,113,553,1,0.0067000,2,55,-3,777,310,370,2,492
11,80,1,136,2,491,1,247,113,553,1,0.0067000,2,55,-3,777,310,319,2,492
11,82,1,134,2,491,1,247,113,431,1,0.0067000,2,55,-3,777,310,319,2,492
11,84,1,136,2,492,1,245,113,553,1,0.0067000,2,55,-3,777,310,269,2,492
11,86,1,134,2,492,1,245,113,431,1,0.0067000,2,55,-3,777,310,269,2,492
11,88,1,136,2,492,1,244,113,553,1,0.0067000,2,55,-3,777,310,219,2,492
11,90,1,136,2,492,1,244,113,553,1,0.0067000,2,55,-3,777,310,219,2,492
11,92,1,136,2,491,1,244,113,553,1,0.0067000,2,55,-3,777,310,219,2,492
11,94,1,134,2,492,1,243,113,431,1,0.0067000,2,55,-3,777,310,169,2,492
11,96,1,136,2,491,1,242,113,553,1,0.0067000,2,55,-3,777,310,119,2,492
11,98,1,134,2,491,1,242,113,431,1,0.0067000,2,55,-3,777,310,119,2,492
12,0,1,134,2,491,1,242,113,431,1,0.0067000,2,55,-3,777,310,119,2,492
12,2,1,134,2,491,1,242,113,431,1,0.0067000,2,55,-3,777,310,119,2,492
12,4,1,134,2,491,1,241,113,431,1,0.0067000,2,55,-3,777,310,68,2,491
12,6,1,134,2,491,1,241,113,431,1,0.0067000,2,55,-3,777,310,68,2,491
12,8,1,134,2,491,1,239,113,431,1,0.0067000,2,55,-3,777,310,18,2,491
12,10,1,136,2,491,1,239,113,553,1,0.0067000,2,55,-3,777,310,18,2,491
12,12,1,134,2,491,1,239,113,431,1,0.0067000,2,55,-3,777,310,18,2,491
12,14,1,134,2,491,1,238,113,431,1,0.0067000,2,55,-3,777,309,968,2,491
12,16,1,134,2,491,1,238,113,431,1,0.0067000,2,55,-3,777,309,968,2,491
12,18,1,134,2,491,1,238,113,431,1,0.0067000,2,55,-3,777,309,968,2,491
12,20,1,134,2,491,1,238,113,431,1,0.0067000,2,55,-3,777,309,968,2,491
12,22,1,134,2,490,1,238,113,431,1,0.0067000,2,55,-3,777,309,968,2,491
12,24,1,134,2,490,1,236,113,431,1,0.0067000,2,55,-3,777,309,868,2,491
12,26,1,134,2,490,1,236,113,431,1,0.0067000,2,55,-3,777,309,868,2,491
12,28,1,134,2,490,1,237,113,431,1,0.0067000,2,55,-3,777,309,918,2,491
12,30,1,134,2,490,1,236,113,431,1,0.0067000,2,55,-3,777,309,868,2,491
12,32,1,136,2,486,1,236,113,553,1,0.0067000,2,55,-3,777,309,868,2,491
12,34,1,140,2,466,1,241,114,42,1,0.0066000,2,57,-3,779,310,68,2,491
12,36,1,149,2,443,1,248,114,896,1,0.0066000,2,60,-3,781,310,370,2,492
12,38,1,153,2,431,1,256,115,263,1,0.0065000,2,62,-3,782,310,721,2,492
12,40,1,153,2,430,1,261,115,263,1,0.0065000,2,62,-3,782,310,922,2,493
12,42,1,153,2,431,1,263,115,263,1,0.0065000,2,62,-3,782,310,972,2,493
12,44,1,153,2,430,1,263,115,263,1,0.0065000,2,62,-3,782,310,972,2,493
12,46,1,151,2,431,1,263,115,140,1,0.0065000,2,61,-3,782,310,972,2,493
12,48,1,153,2,431,1,263,115,263,1,0.0065000,2,62,-3,782,310,972,2,493
12,50,1,151,2,431,1,261,115,140,1,0.0065000,2,61,-3,782,310,922,2,493
12,52,1,151,2,430,1,261,115,140,1,0.0065000,2,61,-3,782,310,922,2,493
12,54,1,151,2,430,1,260,115,140,1,0.0065000,2,61,-3,782,310,872,2,493
12,56,1,150,2,431,1,260,115,18,1,0.0065000,2,61,-3,782,310,872,2,493
12,58,1,151,2,430,1,259,115,140,1,0.0065000,2,61,-3,782,310,821,2,493
12,60,1,150,2,430,1,259,115,18,1,0.0065000,2,61,-3,782,310,821,2,493
12,62,1,151,2,430,1,259,115,140,1,0.0065000,2,61,-3,782,310,821,2,493
12,64,1,150,2,431,1,258,115,18,1,0.0065000,2,61,-3,782,310,771,2,492
12,66,1,151,2,431,1,258,115,140,1,0.0065000,2,61,-3,782,310,771,2,492
12,68,1,150,2,430,1,256,115,18,1,0.0065000,2,61,-3,782,310,721,2,492
12,70,1,150,2,430,1,256,115,18,1,0.0065000,2,61,-3,782,310,721,2,492
12,72,1,150,2,430,1,256,115,18,1,0.0065000,2,61,-3,782,310,721,2,492
12,74,1,150,2,430,1,255,115,18,1,0.0065000,2,61,-3,782,310,671,2,492
12,76,1,150,2,430,1,255,115,18,1,0.0065000,2,61,-3,782,310,671,2,492
12,78,1,150,2,430,1,254,115,18,1,0.0065000,2,61,-3,782,310,621,2,492
12,80,1,149,2,430,1,254,114,896,1,0.0065000,2,60,-3,782,310,621,2,492
12,82,1,150,2,430,1,253,115,18,1,0.0065000,2,61,-3,782,310,570,2,492
12,84,1,150,2,430,1,253,115,18,1,0.0065000,2,61,-3,782,310,570,2,492
12,86,1,150,2,429,1,252,115,18,1,0.0065000,2,61,-3,782,310,520,2,492
12,88,1,150,2,430,1,253,115,18,1,0.0065000,2,61,-3,782,310,570,2,492
12,90,1,150,2,430,1,252,115,18,1,0.0065000,2,61,-3,782,310,520,2,492
12,92,1,150,2,430,1,252,115,18,1,0.0065000,2,61,-3,782,310,520,2,492
12,94,1,150,2,429,1,250,115,18,1,0.0065000,2,61,-3,782,310,470,2,492
12,96,1,150,2,430,1,250,115,18,1,0.0065000,2,61,-3,782,310,470,2,492
12,98,1,150,2,429,1,250,115,18,1,0.0065000,2,61,-3,782,310,470,2,492
13,0,1,150,2,430,1,250,115,18,1,0.0065000,2,61,-3,782,310,470,2,492
13,2,1,149,2,429,1,249,114,896,1,0.0065000,2,60,-3,782,310,420,2,492
13,4,1,150,2,429,1,248,115,18,1,0.0065000,2,61,-3,782,310,370,2,492
13,6,1,150,2,429,1,248,115,18,1,0.0065000,2,61,-3,782,310,370,2,492
13,8,1,153,2,419,1,249,115,263,1,0.0065000,2,62,-3,783,310,420,2,492
13,10,1,159,2,399,1,254,115,873,1,0.0064000,2,64,-3,785,310,621,2,492
13,12,1,164,2,382,1,263,116,361,1,0.0064000,2,66,-3,786,310,972,2,493
13,14,1,166,2,376,1,269,116,606,1,0.0063000,2,67,-3,787,311,223,2,493
13,16,1,166,2,376,1,270,116,606,1,0.0063000,2,67,-3,787,311,273,2,493
13,18,1,165,2,377,1,271,116,484,1,0.0064000,2,66,-3,786,311,323,2,493
13,20,1,165,2,377,1,271,116,484,1,0.0064000,2,66,-3,786,311,323,2,493
13,22,1,165,2,377,1,271,116,484,1,0.0064000,2,66,-3,786,311,323,2,493
13,24,1,165,2,377,1,270,116,484,1,0.0064000,2,66,-3,786,311,273,2,493
13,26,1,164,2,377,1,270,116,361,1,0.0064000,2,66,-3,786,311,273,2,493
13,28,1,165,2,377,1,269,116,484,1,0.0064000,2,66,-3,786,311,223,2,493
13,30,1,164,2,376,1,269,116,361,1,0.0063000,2,66,-3,787,311,223,2,493
13,32,1,164,2,377,1,267,116,361,1,0.0064000,2,66,-3,786,311,173,2,493
13,34,1,164,2,377,1,267,116,361,1,0.0064000,2,66,-3,786,311,173,2,493
13,36,1,164,2,376,1,266,116,361,1,0.0063000,2,66,-3,787,311,123,2,493
13,38,1,164,2,377,1,266,116,361,1,0.0064000,2,66,-3,786,311,123,2,493
13,40,1,164,2,377,1,265,116,361,1,0.0064000,2,66,-3,786,311,72,2,493
13,42,1,164,2,377,1,265,116,361,1,0.0064000,2,66,-3,786,311,72,2,493
13,44,1,164,2,377,1,264,116,361,1,0.0064000,2,66,-3,786,311,22,2,493
13,46,1,164,2,377,1,264,116,361,1,0.0064000,2,66,-3,786,311,22,2,493
13,48,1,164,2,377,1,263,116,361,1,0.0064000,2,66,-3,786,310,972,2,493
13,50,1,164,2,377,1,263,116,361,1,0.0064000,2,66,-3,786,310,972,2,493
13,52,1,164,2,377,1,263,116,361,1,0.0064000,2,66,-3,786,310,972,2,493
13,54,1,162,2,377,1,261,116,239,1,0.0064000,2,65,-3,786,310,922,2,493
13,56,1,162,2,376,1,260,116,239,1,0.0063000,2,65,-3,787,310,872,2,493
13,58,1,162,2,377,1,260,116,239,1,0.0064000,2,65,-3,786,310,872,2,493
13,60,1,162,2,376,1,260,116,239,1,0.0063000,2,65,-3,787,310,872,2,493
13,62,1,162,2,377,1,259,116,239,1,0.0064000,2,65,-3,786,310,821,2,493
13,64,1,162,2,376,1,259,116,239,1,0.0063000,2,65,-3,787,310,821,2,493
13,66,1,164,2,377,1,258,116,361,1,0.0064000,2,66,-3,786,310,771,2,492
13,68,1,162,2,376,1,258,116,239,1,0.0063000,2,65,-3,787,310,771,2,492
13,70,1,162,2,377,1,258,116,239,1,0.0064000,2,65,-3,786,310,771,2,492
13,72,1,162,2,377,1,256,116,239,1,0.0064000,2,65,-3,786,310,721,2,492
13,74,1,162,2,376,1,256,116,239,1,0.0063000,2,65,-3,787,310,721,2,492
13,76,1,162,2,377,1,255,116,239,1,0.0064000,2,65,-3,786,310,671,2,492
13,78,1,162,2,377,1,255,116,239,1,0.0064000,2,65,-3,786,310,671,2,492
13,80,1,162,2,376,1,254,116,239,1,0.0063000,2,65,-3,787,310,621,2,492
13,82,1,162,2,377,1,254,116,239,1,0.0064000,2,65,-3,786,310,621,2,492
13,84,1,161,2,376,1,254,116,117,1,0.0063000,2,65,-3,787,310,621,2,492
13,86,1,162,2,376,1,253,116,239,1,0.0063000,2,65,-3,787,310,570,2,492
13,88,1,161,2,376,1,253,116,117,1,0.0063000,2,65,-3,787,310,570,2,492
13,90,1,161,2,376,1,252,116,117,1,0.0063000,2,65,-3,787,310,520,2,492
13,92,1,161,2,377,1,252,116,117,1,0.0064000,2,65,-3,786,310,520,2,492
13,94,1,162,2,377,1,252,116,239,1,0.0064000,2,65,-3,786,310,520,2,492
13,96,1,161,2,377,1,252,116,117,1,0.0064000,2,65,-3,786,310,520,2,492
13,98,1,161,2,377,1,250,116,117,1,0.0064000,2,65,-3,786,310,470,2,492
14,0,1,161,2,377,1,250,116,117,1,0.0064000,2,65,-3,786,310,470,2,492
14,2,1,162,2,376,1,249,116,239,1,0.0063000,2,65,-3,787,310,420,2,492
14,4,1,161,2,376,1,249,116,117,1,0.0063000,2,65,-3,787,310,420,2,492
14,6,1,161,2,376,1,248,116,117,1,0.0063000,2,65,-3,787,310,370,2,492
14,8,1,161,2,376,1,248,116,117,1,0.0063000,2,65,-3,787,310,370,2,492
14,10,1,161,2,376,1,248,116,117,1,0.0063000,2,65,-3,787,310,370,2,492
14,12,1,162,2,370,1,248,116,239,1,0.0063000,2,65,-3,787,310,370,2,492
14,14,1,167,2,354,1,252,116,728,1,0.0063000,2,67,-3,788,310,520,2,492
14,16,1,175,2,336,1,258,117,460,1,0.0062000,2,70,-3,790,310,771,2,492
14,18,1,177,2,325,1,266,117,705,1,0.0062000,2,71,-3,791,311,123,2,493
14,20,1,178,2,325,1,270,117,827,1,0.0062000,2,71,-3,791,311,273,2,493
14,22,1,178,2,325,1,271,117,827,1,0.0062000,2,71,-3,791,311,323,2,493
14,24,1,178,2,324,1,271,117,827,1,0.0062000,2,71,-3,791,311,323,2,493
14,26,1,177,2,325,1,271,117,705,1,0.0062000,2,71,-3,791,311,323,2,493
14,28,1,177,2,324,1,270,117,705,1,0.0062000,2,71,-3,791,311,273,2,493
14,30,1,177,2,325,1,270,117,705,1,0.0062000,2,71,-3,791,311,273,2,493
14,32,1,177,2,324,1,269,117,705,1,0.0062000,2,71,-3,791,311,223,2,493
14,34,1,176,2,325,1,269,117,582,1,0.0062000,2,70,-3,791,311,223,2,493
14,36,1,176,2,324,1,269,117,582,1,0.0062000,2,70,-3,791,311,223,2,493
14,38,1,176,2,325,1,267,117,582,1,0.0062000,2,70,-3,791,311,173,2,493
14,40,1,176,2,324,1,266,117,582,1,0.0062000,2,70,-3,791,311,123,2,493
14,42,1,176,2,324,1,265,117,582,1,0.0062000,2,70,-3,791,311,72,2,493
14,44,1,176,2,324,1,265,117,582,1,0.0062000,2,70,-3,791,311,72,2,493
14,46,1,176,2,325,1,265,117,582,1,0.0062000,2,70,-3,791,311,72,2,493
14,48,1,176,2,325,1,265,117,582,1,0.0062000,2,70,-3,791,311,72,2,493
14,50,1,176,2,324,1,264,117,582,1,0.0062000,2,70,-3,791,311,22,2,493
14,52,1,176,2,324,1,263,117,582,1,0.0062000,2,70,-3,791,310,972,2,493
14,54,1,176,2,325,1,263,117,582,1,0.0062000,2,70,-3,791,310,972,2,493
14,56,1,176,2,325,1,263,117,582,1,0.0062000,2,70,-3,791,310,972,2,493
14,58,1,176,2,324,1,260,117,582,1,0.0062000,2,70,-3,791,310,872,2,493
14,60,1,175,2,324,1,260,117,460,1,0.0062000,2,70,-3,791,310,872,2,493
14,62,1,175,2,324,1,260,117,460,1,0.0062000,2,70,-3,791,310,872,2,493
14,64,1,176,2,324,1,259,117,582,1,0.0062000,2,70,-3,791,310,821,2,493
14,66,1,176,2,324,1,259,117,582,1,0.0062000,2,70,-3,791,310,821,2,493
14,68,1,175,2,324,1,259,117,460,1,0.0062000,2,70,-3,791,310,821,2,493
14,70,1,176,2,324,1,259,117,582,1,0.0062000,2,70,-3,791,310,821,2,493
14,72,1,175,2,324,1,258,117,460,1,0.0062000,2,70,-3,791,310,771,2,492
14,74,1,176,2,322,1,258,117,582,1,0.0062000,2,70,-3,791,310,771,2,492
14,76,1,177,2,317,1,258,117,705,1,0.0062000,2,71,-3,792,310,771,2,492
14,78,1,182,2,302,1,261,118,193,1,0.0061000,2,73,-3,793,310,922,2,493
14,80,1,189,2,282,1,269,118,926,1,0.0060000,2,75,-3,795,311,223,2,493
14,82,1,193,2,266,1,277,119,292,1,0.0060000,2,77,-3,796,311,574,2,494
14,84,1,195,2,260,1,282,119,536,1,0.0060000,2,77,-3,797,311,775,2,494
14,86,1,194,2,260,1,286,119,414,1,0.0060000,2,77,-3,797,311,926,2,494
14,88,1,195,2,260,1,286,119,536,1,0.0060000,2,77,-3,797,311,926,2,494
14,90,1,194,2,261,1,286,119,414,1,0.0060000,2,77,-3,797,311,926,2,494
14,92,1,194,2,260,1,284,119,414,1,0.0060000,2,77,-3,797,311,876,2,494
14,94,1,194,2,260,1,284,119,414,1,0.0060000,2,77,-3,797,311,876,2,494
14,96,1,194,2,260,1,283,119,414,1,0.0060000,2,77,-3,797,311,825,2,494
14,98,1,194,2,261,1,283,119,414,1,0.0060000,2,77,-3,797,311,825,2,494
15,0,1,194,2,261,1,282,119,414,1,0.0060000,2,77,-3,797,311,775,2,494
15,2,1,194,2,260,1,282,119,414,1,0.0060000,2,77,-3,797,311,775,2,494
15,4,1,194,2,260,1,281,119,414,1,0.0060000,2,77,-3,797,311,725,2,494
15,6,1,193,2,260,1,280,119,292,1,0.0060000,2,77,-3,797,311,675,2,494
15,8,1,193,2,260,1,280,119,292,1,0.0060000,2,77,-3,797,311,675,2,494
15,10,1,193,2,260,1,278,119,292,1,0.0060000,2,77,-3,797,311,625,2,494
15,12,1,193,2,260,1,278,119,292,1,0.0060000,2,77,-3,797,311,625,2,494
15,14,1,193,2,260,1,277,119,292,1,0.0060000,2,77,-3,797,311,574,2,494
15,16,1,192,2,260,1,277,119,170,1,0.0060000,2,76,-3,797,311,574,2,494
15,18,1,194,2,256,1,275,119,414,1,0.0060000,2,77,-3,797,311,474,2,493
15,20,1,197,2,244,1,278,119,658,1,0.0059000,2,78,-3,798,311,625,2,494
15,22,1,203,2,228,1,283,120,269,1,0.0059000,2,80,-3,799,311,825,2,494
15,24,1,206,2,217,1,291,120,635,1,0.0058000,2,81,-3,800,312,126,2,494
15,26,1,209,2,214,1,294,120,879,1,0.0058000,2,82,-3,801,312,277,2,495
15,28,1,208,2,214,1,297,120,757,1,0.0058000,2,82,-3,801,312,377,2,495
15,30,1,208,2,214,1,297,120,757,1,0.0058000,2,82,-3,801,312,377,2,495
15,32,1,208,2,214,1,295,120,757,1,0.0058000,2,82,-3,801,312,327,2,495
15,34,1,206,2,214,1,294,120,635,1,0.0058000,2,81,-3,801,312,277,2,495
15,36,1,206,2,214,1,294,120,635,1,0.0058000,2,81,-3,801,312,277,2,495
15,38,1,206,2,214,1,294,120,635,1,0.0058000,2,81,-3,801,312,277,2,495
15,40,1,206,2,214,1,293,120,635,1,0.0058000,2,81,-3,801,312,227,2,494
15,42,1,206,2,214,1,292,120,635,1,0.0058000,2,81,-3,801,312,177,2,494
15,44,1,206,2,214,1,291,120,635,1,0.0058000,2,81,-3,801,312,126,2,494
15,46,1,205,2,214,1,289,120,513,1,0.0058000,2,81,-3,801,312,76,2,494
15,48,1,206,2,215,1,289,120,635,1,0.0058000,2,81,-3,801,312,76,2,494
15,50,1,205,2,215,1,289,120,513,1,0.0058000,2,81,-3,801,312,76,2,494
15,52,1,206,2,215,1,287,120,635,1,0.0058000,2,81,-3,801,311,976,2,494
15,54,1,205,2,215,1,287,120,513,1,0.0058000,2,81,-3,801,311,976,2,494
15,56,1,205,2,215,1,286,120,513,1,0.0058000,2,81,-3,801,311,926,2,494
15,58,1,205,2,215,1,284,120,513,1,0.0058000,2,81,-3,801,311,876,2,494
15,60,1,205,2,215,1,284,120,513,1,0.0058000,2,81,-3,801,311,876,2,494
15,62,1,204,2,215,1,282,120,391,1,0.0058000,2,81,-3,801,311,775,2,494
15,64,1,204,2,215,1,282,120,391,1,0.0058000,2,81,-3,801,311,775,2,494
15,66,1,204,2,215,1,281,120,391,1,0.0058000,2,81,-3,801,311,725,2,494
15,68,1,204,2,215,1,280,120,391,1,0.0058000,2,81,-3,801,311,675,2,494
15,70,1,204,2,216,1,280,120,391,1,0.0058000,2,81,-3,801,311,675,2,494
15,72,1,204,2,215,1,278,120,391,1,0.0058000,2,81,-3,801,311,625,2,494
15,74,1,204,2,215,1,278,120,391,1,0.0058000,2,81,-3,801,311,625,2,494
15,76,1,204,2,216,1,277,120,391,1,0.0058000,2,81,-3,801,311,574,2,494
15,78,1,204,2,216,1,276,120,391,1,0.0058000,2,81,-3,801,311,524,2,493
15,80,1,204,2,216,1,276,120,391,1,0.0058000,2,81,-3,801,311,524,2,493
15,82,1,204,2,216,1,275,120,391,1,0.0058000,2,81,-3,801,311,474,2,493
15,84,1,203,2,216,1,274,120,269,1,0.0058000,2,80,-3,801,311,424,2,493
15,86,1,204,2,216,1,274,120,391,1,0.0058000,2,81,-3,801,311,424,2,493
15,88,1,203,2,215,1,272,120,269,1,0.0058000,2,80,-3,801,311,374,2,493
15,90,1,204,2,215,1,271,120,391,1,0.0058000,2,81,-3,801,311,323,2,493
15,92,1,203,2,215,1,271,120,269,1,0.0058000,2,80,-3,801,311,323,2,493
15,94,1,204,2,216,1,271,120,391,1,0.0058000,2,81,-3,801,311,323,2,493
15,96,1,203,2,216,1,270,120,269,1,0.0058000,2,80,-3,801,311,273,2,493
15,98,1,203,2,216,1,269,120,269,1,0.0058000,2,80,-3,801,311,223,2,493
16,0,1,203,2,216,1,269,120,269,1,0.0058000,2,80,-3,801,311,223,2,493
16,2,1,204,2,215,1,267,120,391,1,0.0058000,2,81,-3,801,311,173,2,493
16,4,1,203,2,216,1,267,120,269,1,0.0058000,2,80,-3,801,311,173,2,493
16,6,1,203,2,216,1,266,120,269,1,0.0058000,2,80,-3,801,311,123,2,493
16,8,1,203,2,216,1,266,120,269,1,0.0058000,2,80,-3,801,311,123,2,493
16,10,1,203,2,216,1,266,120,269,1,0.0058000,2,80,-3,801,311,123,2,493
16,12,1,203,2,215,1,265,120,269,1,0.0058000,2,80,-3,801,311,72,2,493
16,14,1,203,2,215,1,264,120,269,1,0.0058000,2,80,-3,801,311,22,2,493
16,16,1,201,2,215,1,264,120,147,1,0.0058000,2,80,-3,801,311,22,2,493
16,18,1,201,2,215,1,263,120,147,1,0.0058000,2,80,-3,801,310,972,2,493
16,20,1,201,2,215,1,261,120,147,1,0.0058000,2,80,-3,801,310,922,2,493
16,22,1,201,2,215,1,260,120,147,1,0.0058000,2,80,-3,801,310,872,2,493
16,24,1,201,2,215,1,260,120,147,1,0.0058000,2,80,-3,801,310,872,2,493
16,26,1,201,2,215,1,259,120,147,1,0.0058000,2,80,-3,801,310,821,2,493
16,28,1,201,2,215,1,259,120,147,1,0.0058000,2,80,-3,801,310,821,2,493
16,30,1,201,2,215,1,258,120,147,1,0.0058000,2,80,-3,801,310,771,2,492
16,32,1,201,2,215,1,258,120,147,1,0.0058000,2,80,-3,801,310,771,2,492
16,34,1,203,2,215,1,258,120,269,1,0.0058000,2,80,-3,801,310,771,2,492
16,36,1,201,2,215,1,258,120,147,1,0.0058000,2,80,-3,801,310,771,2,492
16,38,1,201,2,215,1,255,120,147,1,0.0058000,2,80,-3,801,310,671,2,492
16,40,1,201,2,215,1,255,120,147,1,0.0058000,2,80,-3,801,310,671,2,492
16,42,1,201,2,215,1,254,120,147,1,0.0058000,2,80,-3,801,310,621,2,492
16,44,1,200,2,215,1,254,120,24,1,0.0058000,2,79,-3,801,310,621,2,492
16,46,1,201,2,215,1,253,120,147,1,0.0058000,2,80,-3,801,310,570,2,492
16,48,1,200,2,214,1,253,120,24,1,0.0058000,2,79,-3,801,310,570,2,492
16,50,1,201,2,215,1,252,120,147,1,0.0058000,2,80,-3,801,310,520,2,492
16,52,1,201,2,215,1,253,120,147,1,0.0058000,2,80,-3,801,310,570,2,492
16,54,1,201,2,215,1,252,120,147,1,0.0058000,2,80,-3,801,310,520,2,492
16,56,1,200,2,215,1,252,120,24,1,0.0058000,2,79,-3,801,310,520,2,492
16,58,1,201,2,215,1,250,120,147,1,0.0058000,2,80,-3,801,310,470,2,492
16,60,1,200,2,214,1,250,120,24,1,0.0058000,2,79,-3,801,310,470,2,492
16,62,1,201,2,215,1,250,120,147,1,0.0058000,2,80,-3,801,310,470,2,492
16,64,1,201,2,215,1,250,120,147,1,0.0058000,2,80,-3,801,310,470,2,492
16,66,1,201,2,212,1,248,120,147,1,0.0058000,2,80,-3,801,310,370,2,492
16,68,1,204,2,203,1,250,120,391,1,0.0058000,2,81,-3,802,310,470,2,492
16,70,1,211,2,182,1,255,121,123,1,0.0057000,2,83,-3,804,310,671,2,492
16,72,1,217,2,164,1,265,121,734,1,0.0057000,2,85,-3,805,311,72,2,493
16,74,1,219,2,160,1,270,121,856,1,0.0056000,2,86,-3,806,311,273,2,493
16,76,1,219,2,161,1,272,121,856,1,0.0057000,2,86,-3,805,311,374,2,493
16,78,1,219,2,161,1,274,121,856,1,0.0057000,2,86,-3,805,311,424,2,493
16,80,1,219,2,161,1,274,121,856,1,0.0057000,2,86,-3,805,311,424,2,493
16,82,1,219,2,161,1,274,121,856,1,0.0057000,2,86,-3,805,311,424,2,493
16,84,1,217,2,160,1,272,121,734,1,0.0056000,2,85,-3,806,311,374,2,493
16,86,1,219,2,161,1,272,121,856,1,0.0057000,2,86,-3,805,311,374,2,493
16,88,1,217,2,161,1,271,121,734,1,0.0057000,2,85,-3,805,311,323,2,493
16,90,1,217,2,160,1,270,121,734,1,0.0056000,2,85,-3,806,311,273,2,493
16,92,1,217,2,160,1,270,121,734,1,0.0056000,2,85,-3,806,311,273,2,493
16,94,1,219,2,160,1,269,121,856,1,0.0056000,2,86,-3,806,311,223,2,493
16,96,1,217,2,160,1,267,121,734,1,0.0056000,2,85,-3,806,311,173,2,493
16,98,1,217,2,160,1,267,121,734,1,0.0056000,2,85,-3,806,311,173,2,493
17,0,1,216,2,160,1,266,121,612,1,0.0056000,2,85,-3,806,311,123,2,493
17,2,1,217,2,160,1,266,121,734,1,0.0056000,2,85,-3,806,311,123,2,493
17,4,1,217,2,160,1,266,121,734,1,0.0056000,2,85,-3,806,311,123,2,493
17,6,1,217,2,160,1,265,121,734,1,0.0056000,2,85,-3,806,311,72,2,493
17,8,1,216,2,160,1,265,121,612,1,0.0056000,2,85,-3,806,311,72,2,493
17,10,1,217,2,161,1,264,121,734,1,0.0057000,2,85,-3,805,311,22,2,493
17,12,1,216,2,161,1,264,121,612,1,0.0057000,2,85,-3,805,311,22,2,493
17,14,1,216,2,161,1,263,121,612,1,0.0057000,2,85,-3,805,310,972,2,493
17,16,1,216,2,160,1,263,121,612,1,0.0056000,2,85,-3,806,310,972,2,493
17,18,1,216,2,161,1,261,121,612,1,0.0057000,2,85,-3,805,310,922,2,493
17,20,1,216,2,160,1,260,121,612,1,0.0056000,2,85,-3,806,310,872,2,493
17,22,1,216,2,160,1,260,121,612,1,0.0056000,2,85,-3,806,310,872,2,493
17,24,1,216,2,161,1,260,121,612,1,0.0057000,2,85,-3,805,310,872,2,493
17,26,1,216,2,160,1,259,121,612,1,0.0056000,2,85,-3,806,310,821,2,493
17,28,1,215,2,160,1,259,121,490,1,0.0056000,2,85,-3,806,310,821,2,493
17,30,1,215,2,161,1,259,121,490,1,0.0057000,2,85,-3,805,310,821,2,493
17,32,1,216,2,161,1,258,121,612,1,0.0057000,2,85,-3,805,310,771,2,492
17,34,1,216,2,161,1,258,121,612,1,0.0057000,2,85,-3,805,310,771,2,492
17,36,1,216,2,160,1,256,121,612,1,0.0056000,2,85,-3,806,310,721,2,492
17,38,1,215,2,161,1,256,121,490,1,0.0057000,2,85,-3,805,310,721,2,492
17,40,1,215,2,161,1,255,121,490,1,0.0057000,2,85,-3,805,310,671,2,492
17,42,1,215,2,161,1,255,121,490,1,0.0057000,2,85,-3,805,310,671,2,492
17,44,1,216,2,160,1,254,121,612,1,0.0056000,2,85,-3,806,310,621,2,492
17,46,1,215,2,160,1,254,121,490,1,0.0056000,2,85,-3,806,310,621,2,492
17,48,1,215,2,160,1,253,121,490,1,0.0056000,2,85,-3,806,310,570,2,492
17,50,1,215,2,160,1,253,121,490,1,0.0056000,2,85,-3,806,310,570,2,492
17,52,1,215,2,160,1,253,121,490,1,0.0056000,2,85,-3,806,310,570,2,492
17,54,1,215,2,160,1,252,121,490,1,0.0056000,2,85,-3,806,310,520,2,492
17,56,1,216,2,161,1,252,121,612,1,0.0057000,2,85,-3,805,310,520,2,492
17,58,1,215,2,160,1,252,121,490,1,0.0056000,2,85,-3,806,310,520,2,492
17,60,1,216,2,159,1,250,121,612,1,0.0056000,2,85,-3,806,310,470,2,492
17,62,1,216,2,158,1,250,121,612,1,0.0056000,2,85,-3,806,310,470,2,492
17,64,1,220,2,147,1,253,121,978,1,0.0056000,2,86,-3,807,310,570,2,492
17,66,1,225,2,132,1,259,122,466,1,0.0056000,2,88,-3,808,310,821,2,493
17,68,1,228,2,122,1,264,122,833,1,0.0055000,2,89,-3,809,311,22,2,493
17,70,1,227,2,122,1,266,122,711,1,0.0055000,2,89,-3,809,311,123,2,493
17,72,1,227,2,122,1,267,122,711,1,0.0055000,2,89,-3,809,311,173,2,493
17,74,1,227,2,122,1,267,122,711,1,0.0055000,2,89,-3,809,311,173,2,493
17,76,1,227,2,122,1,267,122,711,1,0.0055000,2,89,-3,809,311,173,2,493
17,78,1,227,2,122,1,266,122,711,1,0.0055000,2,89,-3,809,311,123,2,493
17,80,1,227,2,122,1,266,122,711,1,0.0055000,2,89,-3,809,311,123,2,493
17,82,1,227,2,123,1,266,122,711,1,0.0055000,2,89,-3,809,311,123,2,493
17,84,1,227,2,122,1,265,122,711,1,0.0055000,2,89,-3,809,311,72,2,493
17,86,1,227,2,122,1,265,122,711,1,0.0055000,2,89,-3,809,311,72,2,493
17,88,1,227,2,123,1,264,122,711,1,0.0055000,2,89,-3,809,311,22,2,493
17,90,1,226,2,123,1,264,122,589,1,0.0055000,2,88,-3,809,311,22,2,493
17,92,1,226,2,122,1,263,122,589,1,0.0055000,2,88,-3,809,310,972,2,493
17,94,1,226,2,122,1,263,122,589,1,0.0055000,2,88,-3,809,310,972,2,493
17,96,1,226,2,123,1,261,122,589,1,0.0055000,2,88,-3,809,310,922,2,493
17,98,1,226,2,122,1,261,122,589,1,0.0055000,2,88,-3,809,310,922,2,493
18,0,1,226,2,122,1,260,122,589,1,0.0055000,2,88,-3,809,310,872,2,493
18,2,1,226,2,122,1,260,122,589,1,0.0055000,2,88,-3,809,310,872,2,493
18,4,1,225,2,122,1,260,122,466,1,0.0055000,2,88,-3,809,310,872,2,493
18,6,1,225,2,122,1,259,122,466,1,0.0055000,2,88,-3,809,310,821,2,493
18,8,1,226,2,123,1,259,122,589,1,0.0055000,2,88,-3,809,310,821,2,493
18,10,1,226,2,123,1,258,122,589,1,0.0055000,2,88,-3,809,310,771,2,492
18,12,1,226,2,123,1,258,122,589,1,0.0055000,2,88,-3,809,310,771,2,492
18,14,1,226,2,122,1,256,122,589,1,0.0055000,2,88,-3,809,310,721,2,492
18,16,1,226,2,123,1,256,122,589,1,0.0055000,2,88,-3,809,310,721,2,492
18,18,1,226,2,123,1,255,122,589,1,0.0055000,2,88,-3,809,310,671,2,492
18,20,1,225,2,122,1,256,122,466,1,0.0055000,2,88,-3,809,310,721,2,492
18,22,1,225,2,122,1,254,122,466,1,0.0055000,2,88,-3,809,310,621,2,492
18,24,1,225,2,122,1,255,122,466,1,0.0055000,2,88,-3,809,310,671,2,492
18,26,1,225,2,122,1,254,122,466,1,0.0055000,2,88,-3,809,310,621,2,492
18,28,1,225,2,122,1,253,122,466,1,0.0055000,2,88,-3,809,310,570,2,492
18,30,1,225,2,122,1,254,122,466,1,0.0055000,2,88,-3,809,310,621,2,492
18,32,1,225,2,122,1,253,122,466,1,0.0055000,2,88,-3,809,310,570,2,492
18,34,1,225,2,122,1,253,122,466,1,0.0055000,2,88,-3,809,310,570,2,492
18,36,1,225,2,122,1,253,122,466,1,0.0055000,2,88,-3,809,310,570,2,492
18,38,1,226,2,118,1,253,122,589,1,0.0055000,2,88,-3,809,310,570,2,492
18,40,1,231,2,104,1,256,123,77,1,0.0055000,2,90,-3,811,310,721,2,492
18,42,1,238,2,84,1,263,123,810,1,0.0054000,2,93,-3,812,310,972,2,493
18,44,1,243,2,71,1,271,124,298,1,0.0054000,2,94,-3,814,311,323,2,493
18,46,1,243,2,70,1,275,124,298,1,0.0054000,2,94,-3,814,311,474,2,493
18,48,1,243,2,68,1,277,124,298,1,0.0054000,2,94,-3,814,311,574,2,494
18,50,1,243,2,70,1,277,124,298,1,0.0054000,2,94,-3,814,311,574,2,494
18,52,1,243,2,68,1,277,124,298,1,0.0054000,2,94,-3,814,311,574,2,494
18,54,1,242,2,70,1,277,124,176,1,0.0054000,2,94,-3,814,311,574,2,494
18,56,1,242,2,68,1,276,124,176,1,0.0054000,2,94,-3,814,311,524,2,493
18,58,1,242,2,68,1,276,124,176,1,0.0054000,2,94,-3,814,311,524,2,493
18,60,1,242,2,70,1,275,124,176,1,0.0054000,2,94,-3,814,311,474,2,493
18,62,1,242,2,70,1,275,124,176,1,0.0054000,2,94,-3,814,311,474,2,493
18,64,1,242,2,70,1,275,124,176,1,0.0054000,2,94,-3,814,311,474,2,493
18,66,1,242,2,70,1,274,124,176,1,0.0054000,2,94,-3,814,311,424,2,493
18,68,1,242,2,68,1,272,124,176,1,0.0054000,2,94,-3,814,311,374,2,493
18,70,1,241,2,70,1,272,124,54,1,0.0054000,2,94,-3,814,311,374,2,493
18,72,1,242,2,70,1,272,124,176,1,0.0054000,2,94,-3,814,311,374,2,493
18,74,1,241,2,68,1,271,124,54,1,0.0054000,2,94,-3,814,311,323,2,493
18,76,1,242,2,68,1,270,124,176,1,0.0054000,2,94,-3,814,311,273,2,493
18,78,1,241,2,68,1,270,124,54,1,0.0054000,2,94,-3,814,311,273,2,493
18,80,1,242,2,68,1,269,124,176,1,0.0054000,2,94,-3,814,311,223,2,493
18,82,1,241,2,68,1,269,124,54,1,0.0054000,2,94,-3,814,311,223,2,493
18,84,1,241,2,68,1,267,124,54,1,0.0054000,2,94,-3,814,311,173,2,493
18,86,1,241,2,70,1,267,124,54,1,0.0054000,2,94,-3,814,311,173,2,493
18,88,1,241,2,70,1,266,124,54,1,0.0054000,2,94,-3,814,311,123,2,493
18,90,1,241,2,70,1,266,124,54,1,0.0054000,2,94,-3,814,311,123,2,493
18,92,1,241,2,70,1,266,124,54,1,0.0054000,2,94,-3,814,311,123,2,493
18,94,1,241,2,68,1,265,124,54,1,0.0054000,2,94,-3,814,311,72,2,493
18,96,1,241,2,68,1,265,124,54,1,0.0054000,2,94,-3,814,311,72,2,493
18,98,1,242,2,63,1,265,124,176,1,0.0053000,2,94,-3,814,311,72,2,493
19,0,1,247,2,51,1,267,124,664,1,0.0053000,2,96,-3,815,311,173,2,493
19,2,1,252,2,37,1,275,125,153,1,0.0052000,2,97,-3,817,311,474,2,493
19,4,1,254,2,31,1,278,125,397,1,0.0052000,2,98,-3,817,311,625,2,494
19,6,1,253,2,31,1,282,125,275,1,0.0052000,2,98,-3,817,311,775,2,494
19,8,1,253,2,31,1,281,125,275,1,0.0052000,2,98,-3,817,311,725,2,494
19,10,1,253,2,32,1,282,125,275,1,0.0052000,2,98,-3,817,311,775,2,494
19,12,1,253,2,32,1,281,125,275,1,0.0052000,2,98,-3,817,311,725,2,494
19,14,1,253,2,31,1,282,125,275,1,0.0052000,2,98,-3,817,311,775,2,494
19,16,1,253,2,32,1,280,125,275,1,0.0052000,2,98,-3,817,311,675,2,494
19,18,1,252,2,31,1,280,125,153,1,0.0052000,2,97,-3,817,311,675,2,494
19,20,1,253,2,31,1,278,125,275,1,0.0052000,2,98,-3,817,311,625,2,494
19,22,1,253,2,32,1,278,125,275,1,0.0052000,2,98,-3,817,311,625,2,494
19,24,1,253,2,31,1,278,125,275,1,0.0052000,2,98,-3,817,311,625,2,494
19,26,1,252,2,32,1,277,125,153,1,0.0052000,2,97,-3,817,311,574,2,494
19,28,1,253,2,31,1,276,125,275,1,0.0052000,2,98,-3,817,311,524,2,493
19,30,1,252,2,31,1,275,125,153,1,0.0052000,2,97,-3,817,311,474,2,493
19,32,1,252,2,31,1,275,125,153,1,0.0052000,2,97,-3,817,311,474,2,493
19,34,1,252,2,31,1,275,125,153,1,0.0052000,2,97,-3,817,311,474,2,493
19,36,1,252,2,31,1,274,125,153,1,0.0052000,2,97,-3,817,311,424,2,493
19,38,1,252,2,31,1,274,125,153,1,0.0052000,2,97,-3,817,311,424,2,493
19,40,1,252,2,32,1,272,125,153,1,0.0052000,2,97,-3,817,311,374,2,493
19,42,1,252,2,31,1,272,125,153,1,0.0052000,2,97,-3,817,311,374,2,493
19,44,1,252,2,31,1,271,125,153,1,0.0052000,2,97,-3,817,311,323,2,493
19,46,1,252,2,32,1,271,125,153,1,0.0052000,2,97,-3,817,311,323,2,493
19,48,1,252,2,31,1,270,125,153,1,0.0052000,2,97,-3,817,311,273,2,493
19,50,1,252,2,31,1,270,125,153,1,0.0052000,2,97,-3,817,311,273,2,493
19,52,1,252,2,32,1,269,125,153,1,0.0052000,2,97,-3,817,311,223,2,493
19,54,1,250,2,31,1,267,125,31,1,0.0052000,2,97,-3,817,311,173,2,493
19,56,1,250,2,31,1,267,125,31,1,0.0052000,2,97,-3,817,311,173,2,493
19,58,1,250,2,31,1,267,125,31,1,0.0052000,2,97,-3,817,311,173,2,493
19,60,1,250,2,31,1,266,125,31,1,0.0052000,2,97,-3,817,311,123,2,493
19,62,1,250,2,31,1,266,125,31,1,0.0052000,2,97,-3,817,311,123,2,493
19,64,1,250,2,32,1,266,125,31,1,0.0052000,2,97,-3,817,311,123,2,493
19,66,1,250,2,32,1,265,125,31,1,0.0052000,2,97,-3,817,311,72,2,493
19,68,1,250,2,32,1,264,125,31,1,0.0052000,2,97,-3,817,311,22,2,493
19,70,1,250,2,32,1,264,125,31,1,0.0052000,2,97,-3,817,311,22,2,493
19,72,1,250,2,31,1,263,125,31,1,0.0052000,2,97,-3,817,310,972,2,493
19,74,1,250,2,32,1,263,125,31,1,0.0052000,2,97,-3,817,310,972,2,493
19,76,1,250,2,31,1,261,125,31,1,0.0052000,2,97,-3,817,310,922,2,493
19,78,1,250,2,31,1,260,125,31,1,0.0052000,2,97,-3,817,310,872,2,493
19,80,1,249,2,31,1,260,124,908,1,0.0052000,2,97,-3,817,310,872,2,493
19,82,1,249,2,31,1,260,124,908,1,0.0052000,2,97,-3,817,310,872,2,493
19,84,1,249,2,32,1,259,124,908,1,0.0052000,2,97,-3,817,310,821,2,493
19,86,1,249,2,31,1,259,124,908,1,0.0052000,2,97,-3,817,310,821,2,493
19,88,1,250,2,31,1,258,125,31,1,0.0052000,2,97,-3,817,310,771,2,492
19,90,1,249,2,31,1,258,124,908,1,0.0052000,2,97,-3,817,310,771,2,492
19,92,1,249,2,31,1,258,124,908,1,0.0052000,2,97,-3,817,310,771,2,492
19,94,1,250,2,31,1,258,125,31,1,0.0052000,2,97,-3,817,310,771,2,492
19,96,1,249,2,32,1,256,124,908,1,0.0052000,2,97,-3,817,310,721,2,492
19,98,1,249,2,31,1,256,124,908,1,0.0052000,2,97,-3,817,310,721,2,492
20,0,1,250,2,31,1,255,125,31,1,0.0052000,2,97,-3,817,310,671,2,492